,Unnamed: 0,시설종류상세명(시설종류),시군구명,시설주소,주소,좌표
0,0,장애인거주시설,노원구,서울특별시 노원구 동일로248길 30(상계1동),서울특별시 노원구 동일로248길,"(37.6801286748985, 127.056138127029)"
1,1,장애인거주시설,노원구,서울특별시 노원구 노원로 18길 41 (하계동 288-1)(하계1동),서울특별시 노원구 노원로,"(37.6438917702914, 127.071433176859)"
2,3,장애인거주시설,동작구,서울특별시 동작구 양녕로30길 19-4(동작구),서울특별시 동작구 양녕로30길,"(37.4991398236072, 126.945311732582)"
3,4,장애인거주시설,서초구,서울특별시 서초구 헌릉로468길 21-16  ,서울특별시 서초구 헌릉로468길,"(37.4583004467832, 127.087801693866)"
4,5,장애인거주시설,노원구,서울특별시 노원구 중계로 163(중계본동),서울특별시 노원구 중계로,"(37.6464614923216, 127.081276382899)"
5,6,장애인거주시설,송파구,서울특별시 송파구 양산로10길 26,서울특별시 송파구 양산로10길,"(37.492183000883, 127.145627135086)"
6,7,장애인거주시설,강동구,서울특별시 강동구 고덕로 295-45(고덕동나동),서울특별시 강동구 고덕로,"(37.5549803761105, 127.153671778224)"
7,8,장애인거주시설,송파구,서울특별시 송파구 양산로8길 17,서울특별시 송파구 양산로8길,"(37.4913171822841, 127.146389624662)"
8,9,장애인거주시설,강동구,서울특별시 강동구 고덕로 295-45(고덕2동),서울특별시 강동구 고덕로,"(37.5549803761105, 127.153671778224)"
9,11,장애인거주시설,용산구,서울특별시 용산구 후암로4길 70(후암동),서울특별시 용산구 후암로4길,"(37.5474998525848, 126.980032341762)"
10,12,장애인거주시설,강동구,서울특별시 강동구 올림픽로 864(암사3동),서울특별시 강동구 올림픽로,"(37.5464322694836, 127.126211884574)"
11,15,장애인거주시설,은평구,서울특별시 은평구 갈현로11길 30,서울특별시 은평구 갈현로11길,"(37.6050288149098, 126.907818277259)"
12,16,장애인거주시설,강남구,서울특별시 강남구 학동로26길 15401호 (논현동),서울특별시 강남구 학동로26길,"(37.5105135077422, 127.029628093611)"
13,19,장애인거주시설,서초구,서울특별시 서초구 방배중앙로 99 (방배동)(방배동),서울특별시 서초구 방배중앙로,"(37.4893098791004, 126.987767934568)"
14,20,장애인거주시설,은평구,서울특별시 은평구 불광로9가길 4302호 (불광동),서울특별시 은평구 불광로9가길,"(37.6168298896503, 126.931220385235)"
15,22,장애인거주시설,중랑구,서울특별시 중랑구 동일로104길 3-3301호,서울특별시 중랑구 동일로104길,"(37.5900067888277, 127.080456680785)"
16,23,장애인거주시설,강서구,서울특별시 강서구 까치산로22길 38-0,서울특별시 강서구 까치산로22길,"(37.5487642421877, 126.852063757965)"
17,24,장애인거주시설,노원구,서울특별시 노원구 중계로8길 39-0211동110호(중계동현대그린아파트),서울특별시 노원구 중계로8길,"(37.6469136670189, 127.085149425387)"
18,25,장애인거주시설,서초구,서울특별시 서초구 남부순환로342길 56-58  ,서울특별시 서초구 남부순환로342길,"(37.4788633055755, 127.027352742182)"
19,27,장애인거주시설,서초구,서울특별시 서초구 염곡안길 19201호,서울특별시 서초구 염곡안길,"(37.4628440564664, 127.052647335845)"
20,28,장애인거주시설,서초구,서울특별시 서초구 염곡안길 19-0302호,서울특별시 서초구 염곡안길,"(37.4628440564664, 127.052647335845)"
21,29,장애인거주시설,서초구,서울특별시 서초구 헌릉로468길 21-16(내곡동),서울특별시 서초구 헌릉로468길,"(37.4583004467832, 127.087801693866)"
22,31,장애인거주시설,강북구,서울특별시 강북구 인수봉로64길 30302호303호(수유동),서울특별시 강북구 인수봉로64길,"(37.6398960410474, 127.014945919368)"
23,32,장애인거주시설,노원구,서울특별시 노원구 중계로 163-0(중계본동),서울특별시 노원구 중계로,"(37.6464614923216, 127.081276382899)"
24,33,장애인거주시설,노원구,서울특별시 노원구 동일로248길 30,서울특별시 노원구 동일로248길,"(37.6801286748985, 127.056138127029)"
25,34,장애인거주시설,은평구,서울특별시 은평구 갈현로 15길 27-1 (구산동 산61-8번지),서울특별시 은평구 갈현로,"(37.613490231972, 126.911530277114)"
26,35,장애인거주시설,강동구,서울특별시 강동구 상암로 369-0(상일동),서울특별시 강동구 상암로,"(37.5465495715747, 127.146577455573)"
27,36,장애인거주시설,은평구,서울특별시 은평구 갈현로11길 30은평기쁨의집,서울특별시 은평구 갈현로11길,"(37.6050288149098, 126.907818277259)"
28,37,장애인거주시설,은평구,서울특별시 은평구 갈현로11길 46101동 303호 (구산동 경남 아너스빌),서울특별시 은평구 갈현로11길,"(37.6050288149098, 126.907818277259)"
29,38,장애인거주시설,성북구,서울특별시 성북구 개운사길 76-1(안암동),서울특별시 성북구 개운사길,"(37.5883952849144, 127.029247597138)"
30,40,장애인거주시설,관악구,서울특별시 관악구 법원단지길 97-3,서울특별시 관악구 법원단지길,"(37.4741992909179, 126.92149395834)"
31,41,장애인거주시설,강북구,서울특별시 강북구 삼양로73가길 47삼양로73가길 47,서울특별시 강북구 삼양로73가길,"(37.6284355893184, 127.015679629906)"
32,42,장애인거주시설,강북구,서울특별시 강북구 삼양로91가길 8 (수유동 js홈타운) 2동 302 401 402호,서울특별시 강북구 삼양로91가길,"(37.6364228015596, 127.015884221408)"
33,43,장애인거주시설,서초구,서울특별시 서초구 신반포로43길 154층401호 (잠원동 동양텔)(잠원동 동양텔),서울특별시 서초구 신반포로43길,"(37.5112149174588, 127.01756046887)"
34,44,장애인거주시설,서대문구,서울특별시 서대문구 가재울로6길 16101동 301호 (남가좌동),서울특별시 서대문구 가재울로6길,"(37.5758532351698, 126.92328568492)"
35,45,장애인거주시설,서대문구,서울특별시 서대문구 연희로41길 61-061  가동 201호302호,서울특별시 서대문구 연희로41길,"(37.5925789860917, 126.934640954971)"
36,46,장애인거주시설,강북구,서울특별시 강북구 덕릉로12길 13(수유동),서울특별시 강북구 덕릉로12길,"(37.6335695044252, 127.016297582029)"
37,47,장애인거주시설,강동구,서울특별시 강동구 동남로85길 153층,서울특별시 강동구 동남로85길,"(37.5607099222486, 127.154209498216)"
38,48,장애인거주시설,강동구,서울특별시 강동구 동남로85길 154층,서울특별시 강동구 동남로85길,"(37.5607099222486, 127.154209498216)"
39,49,장애인거주시설,강동구,서울특별시 강동구 동남로85길 152층,서울특별시 강동구 동남로85길,"(37.5607099222486, 127.154209498216)"
40,50,장애인거주시설,노원구,서울특별시 노원구 동일로237바길 8301호 (상계동),서울특별시 노원구 동일로237바길,"(37.6742448608594, 127.050703946328)"
41,51,장애인거주시설,노원구,서울특별시 노원구 한글비석로24바길 98지성리치빌 201호,서울특별시 노원구 한글비석로24바길,"(37.6651430555462, 127.071736886996)"
42,52,장애인거주시설,노원구,서울특별시 노원구 동일로193길 8-0701호,서울특별시 노원구 동일로193길,"(37.6258869594988, 127.071533867702)"
43,53,장애인거주시설,노원구,서울특별시 노원구 동일로191가길 26-0남청파인힐 101동 203호,서울특별시 노원구 동일로191가길,"(37.6268732605441, 127.07095186609)"
44,54,장애인거주시설,도봉구,서울특별시 도봉구 도봉로137길 462층(쌍문동),서울특별시 도봉구 도봉로137길,"(37.6603278733403, 127.039893791133)"
45,55,장애인거주시설,도봉구,서울특별시 도봉구 시루봉로23길 64301호,서울특별시 도봉구 시루봉로23길,"(37.6733284449112, 127.041310057395)"
46,56,장애인거주시설,도봉구,서울특별시 도봉구 평화로15번길 9-25(도봉구),서울특별시 도봉구 평화로15번길,"(37.6936223471179, 127.044518374744)"
47,57,장애인거주시설,노원구,서울특별시 노원구 노원로18길 41하계동,서울특별시 노원구 노원로18길,"(37.6438254841186, 127.073444770883)"
48,58,장애인거주시설,은평구,서울특별시 은평구 갈현로15길 24-5301호,서울특별시 은평구 갈현로15길,"(37.6087696499915, 126.907379557778)"
49,59,장애인거주시설,은평구,서울특별시 은평구 증산로19길 28-82층,서울특별시 은평구 증산로19길,"(37.5950257969757, 126.912620836806)"
50,60,장애인거주시설,관악구,서울특별시 관악구 봉천로13길 29-28201호,서울특별시 관악구 봉천로13길,"(37.4906523647883, 126.931530963399)"
51,61,장애인거주시설,관악구,서울특별시 관악구 국회단지21길 13301호,서울특별시 관악구 국회단지21길,"(37.4902036197121, 126.941511696936)"
52,62,장애인거주시설,강동구,서울특별시 강동구 양재대로91나길 37301호,서울특별시 강동구 양재대로91나길,"(37.5263422507045, 127.131552463843)"
53,63,장애인거주시설,강동구,서울특별시 강동구 양재대로 1414-8301호,서울특별시 강동구 양재대로,"(37.5459585234695, 127.143045400564)"
54,64,장애인거주시설,송파구,서울특별시 송파구 토성로5길 16-1201호,서울특별시 송파구 토성로5길,"(37.5315743592446, 127.11368031682)"
55,65,장애인거주시설,은평구,서울특별시 은평구 연서로37길 21-5,서울특별시 은평구 연서로37길,"(37.6237139317668, 126.926659864615)"
56,66,장애인거주시설,강동구,서울특별시 강동구 구천면로39길 122층 (천호동),서울특별시 강동구 구천면로39길,"(37.545644710567, 127.131977338406)"
57,67,장애인거주시설,마포구,서울특별시 마포구 월드컵북로12길 98 (성산동),서울특별시 마포구 월드컵북로12길,"(37.5634455230744, 126.915351208006)"
58,68,장애인거주시설,노원구,서울특별시 노원구 중계로 163천애재활원 1층 ,서울특별시 노원구 중계로,"(37.6464614923216, 127.081276382899)"
59,69,장애인거주시설,금천구,서울특별시 금천구 시흥대로80길 19-11,서울특별시 금천구 시흥대로80길,"(37.4590253015126, 126.900798261023)"
60,70,장애인거주시설,구로구,서울특별시 구로구 중앙로5길 62-0 104동 902호,서울특별시 구로구 중앙로5길,"(37.5010290222015, 126.861213529733)"
61,71,장애인거주시설,구로구,서울특별시 구로구 고척로52라길 19-7201호 (개봉동),서울특별시 구로구 고척로52라길,"(37.502407523692, 126.854518577247)"
62,72,장애인거주시설,중구,서울특별시 중구 동호로15가길 373층 (신당동),서울특별시 중구 동호로15가길,"(37.5551905070877, 127.00757726989)"
63,73,장애인거주시설,양천구,서울특별시 양천구 오목로46길 17202호 (신정동)(신정동 예미담),서울특별시 양천구 오목로46길,"(37.5239571637963, 126.861857853879)"
64,74,장애인거주시설,양천구,서울특별시 양천구 목동중앙서로9길 20-0한강베스트빌401호,서울특별시 양천구 목동중앙서로9길,"(37.5336332112216, 126.866574477684)"
65,75,장애인거주시설,강동구,서울특별시 강동구 구천면로 2222층 (천호동)(천호동),서울특별시 강동구 구천면로,"(37.5504163754268, 127.138601529782)"
66,76,장애인거주시설,구로구,서울특별시 구로구 고척로12길 15-4 (오류동),서울특별시 구로구 고척로12길,"(37.4988942590658, 126.842725580891)"
67,77,장애인거주시설,동대문구,서울특별시 동대문구 사가정로25길 294층 (장안동),서울특별시 동대문구 사가정로25길,"(37.5802818912079, 127.070651206579)"
68,79,장애인거주시설,영등포구,서울특별시 영등포구 도신로 146-3 1층(신길동)101102호,서울특별시 영등포구 도신로,"(37.5088228444934, 126.906189160481)"
69,80,장애인거주시설,송파구,서울특별시 송파구 위례성대로8길 46301호,서울특별시 송파구 위례성대로8길,"(37.5120133079316, 127.118199041585)"
70,81,장애인거주시설,금천구,서울특별시 금천구 시흥대로 182-0 3층 ,서울특별시 금천구 시흥대로,"(37.4564460340497, 126.899907987482)"
71,82,장애인거주시설,강북구,서울특별시 강북구 노해로7길 42-5 (수유동)(수유동),서울특별시 강북구 노해로7길,"(37.6377435397531, 127.021152069643)"
72,83,장애인거주시설,강북구,서울특별시 강서구 양천로 595101동 1102호 (염창동 염창금호타운아파트)(염창동 염창금호타운아파트),서울특별시 강서구 양천로,"(37.5669018833913, 126.844113157266)"
73,84,장애인거주시설,노원구,서울특별시 노원구 노원로19길 31410동 108호 (중계동 목화아파트),서울특별시 노원구 노원로19길,"(37.644761337992, 127.068963086626)"
74,85,장애인거주시설,노원구,서울특별시 노원구 노원로19길 31412동 105호 (중계동 목화아파트 4단지),서울특별시 노원구 노원로19길,"(37.644761337992, 127.068963086626)"
75,86,장애인거주시설,은평구,서울특별시 은평구 갈현로2가길 13402호,서울특별시 은평구 갈현로2가길,"(37.5995962248928, 126.911014389361)"
76,87,장애인거주시설,은평구,서울특별시 은평구 진흥로1길 13-19,서울특별시 은평구 진흥로1길,"(37.6032407293538, 126.918496947469)"
77,88,장애인거주시설,영등포구,서울특별시 영등포구 도신로48길 9-13501호 (신길동 다인주택)(신길동 다인주택),서울특별시 영등포구 도신로48길,"(37.5091202957232, 126.913426158023)"
78,89,장애인거주시설,영등포구,서울특별시 영등포구 영신로17길 16-016(영등포동 401호),서울특별시 영등포구 영신로17길,"(37.5138686724654, 126.907247554301)"
79,90,장애인거주시설,금천구,서울특별시 금천구 독산로14길 13201호,서울특별시 금천구 독산로14길,"(37.452248800171, 126.907480677255)"
80,91,장애인거주시설,금천구,서울특별시 금천구 독산로14길 13301호,서울특별시 금천구 독산로14길,"(37.452248800171, 126.907480677255)"
81,92,장애인거주시설,구로구,서울특별시 구로구 구로중앙로21길 22-1,서울특별시 구로구 구로중앙로21길,"(37.4960178141439, 126.885975208467)"
82,93,장애인거주시설,노원구,서울특별시 노원구 덕릉로122길 15-4202호 (상계동),서울특별시 노원구 덕릉로122길,"(37.6681768246792, 127.082761179041)"
83,94,장애인거주시설,금천구,서울특별시 금천구 독산로50마길 19-10성은빌라 201호 (시흥동),서울특별시 금천구 독산로50마길,"(37.4608592131842, 126.911932405183)"
84,95,장애인거주시설,금천구,서울특별시 금천구 시흥대로118길 44302호 (독산동 정우파크빌라),서울특별시 금천구 시흥대로118길,"(37.4683157528016, 126.900089308962)"
85,96,장애인거주시설,양천구,서울특별시 양천구 오목로11길 9나동 501호 (신월동 우정쉐르빌),서울특별시 양천구 오목로11길,"(37.5236945073033, 126.844727890102)"
86,97,장애인거주시설,양천구,서울특별시 양천구 오목로 148-34301호 (신정동 오성이지빌),서울특별시 양천구 오목로,"(37.5252860928667, 126.858093228929)"
87,98,장애인거주시설,구로구,서울특별시 구로구 고척로16가길 35102호 (개봉동 선경빌라),서울특별시 구로구 고척로16가길,"(37.4988189889055, 126.845222263497)"
88,99,장애인거주시설,구로구,서울특별시 구로구 오리로22가길 38-6201호 (궁동 호수빌라트),서울특별시 구로구 오리로22가길,"(37.5025976277226, 126.829642517529)"
89,100,장애인거주시설,강서구,서울특별시 강서구 등촌로13다길 22-7 (화곡동),서울특별시 강서구 등촌로13다길,"(37.5344488453945, 126.85863954017)"
90,101,장애인거주시설,강서구,서울특별시 강서구 강서로10길 108301호 (화곡동 소망빌라),서울특별시 강서구 강서로10길,"(37.5307692688211, 126.85391683563)"
91,102,장애인거주시설,강서구,서울특별시 강서구 화곡로66길 145-15A동 201호 (등촌동 원상하이빌),서울특별시 강서구 화곡로66길,"(37.5561456396527, 126.858664545718)"
92,103,장애인거주시설,강남구,서울특별시 강남구 헌릉로757길 35 (율현동),서울특별시 강남구 헌릉로757길,"(37.4713818798843, 127.11916748461)"
93,104,장애인거주시설,강남구,서울특별시 강남구 헌릉로757길 35 (율현동),서울특별시 강남구 헌릉로757길,"(37.4713818798843, 127.11916748461)"
94,105,장애인거주시설,강남구,서울특별시 강남구 헌릉로757길 35 (율현동),서울특별시 강남구 헌릉로757길,"(37.4713818798843, 127.11916748461)"
95,106,장애인거주시설,성동구,서울특별시 성동구 금호산9가길 57-102층,서울특별시 성동구 금호산9가길,"(37.5518206193629, 127.018693522137)"
96,107,장애인거주시설,성동구,서울특별시 성동구 금호산9가길 57-103층,서울특별시 성동구 금호산9가길,"(37.5518206193629, 127.018693522137)"
97,108,장애인거주시설,성동구,서울특별시 성동구 금호산9가길 57-104층 (금호동2가),서울특별시 성동구 금호산9가길,"(37.5518206193629, 127.018693522137)"
98,109,장애인거주시설,성동구,서울특별시 성동구 무수막14길 10202호 (금호동2가 대우빌라),서울특별시 성동구 무수막14길,"(37.5522598020759, 127.021149049578)"
99,110,장애인거주시설,동작구,서울특별시 동작구 보라매로13길 21301호,서울특별시 동작구 보라매로13길,"(37.4960343614249, 126.926889169458)"
100,111,장애인거주시설,도봉구,서울특별시 도봉구 도봉로185길 14201호(도봉동),서울특별시 도봉구 도봉로185길,"(37.6854301859213, 127.043870100002)"
101,112,장애인거주시설,강서구,서울특별시 강서구 까치산로8길 44301호,서울특별시 강서구 까치산로8길,"(37.5423147223662, 126.845731877958)"
102,113,장애인거주시설,강서구,서울특별시 강서구 까치산로16길 21301호,서울특별시 강서구 까치산로16길,"(37.5461093146322, 126.848755365571)"
103,114,장애인거주시설,강서구,서울특별시 강서구 화곡로31길 5-6201호,서울특별시 강서구 화곡로31길,"(37.5444871108125, 126.840703131943)"
104,115,장애인거주시설,마포구,서울특별시 마포구 백범로 73-11,서울특별시 마포구 백범로,"(37.5467341080058, 126.944534877151)"
105,116,장애인거주시설,서대문구,서울특별시 서대문구 가좌로 19장목빌딩 402호 (연희동),서울특별시 서대문구 가좌로,"(37.5800980914044, 126.928307542437)"
106,117,장애인거주시설,은평구,서울특별시 은평구 증산로19길 28-10301호 (신사동),서울특별시 은평구 증산로19길,"(37.5950257969757, 126.912620836806)"
107,118,장애인거주시설,은평구,서울특별시 은평구 가좌로 312-11201호 (신사동),서울특별시 은평구 가좌로,"(37.5944834249022, 126.911685605072)"
108,119,장애인거주시설,송파구,서울특별시 송파구 가락로11길 12-6101호 (석촌동 화이트빌),서울특별시 송파구 가락로11길,"(37.5020230592702, 127.104226418235)"
109,120,장애인거주시설,강북구,서울특별시 강북구 삼양로119길 12201호 301호,서울특별시 강북구 삼양로119길,"(37.6442698601309, 127.015021352316)"
110,121,장애인거주시설,도봉구,서울특별시 도봉구 시루봉로13가길 302층(방학동),서울특별시 도봉구 시루봉로13가길,"(37.6673817775818, 127.030755085147)"
111,122,장애인거주시설,송파구,서울특별시 송파구 가락로5길 7-11301호,서울특별시 송파구 가락로5길,"(37.5011661253612, 127.101522118053)"
112,123,장애인거주시설,송파구,서울특별시 송파구 송이로34길 43-14층,서울특별시 송파구 송이로34길,"(37.4850665252617, 127.129825998629)"
113,124,장애인거주시설,송파구,서울특별시 송파구 송이로34길 43-15층 (문정동),서울특별시 송파구 송이로34길,"(37.4850665252617, 127.129825998629)"
114,127,장애인거주시설,강북구,서울특별시 강북구 삼양로91가길 8-0JS홈타운 2동 501호,서울특별시 강북구 삼양로91가길,"(37.6364228015596, 127.015884221408)"
115,128,장애인거주시설,강남구,서울특별시 강남구 강남대로120길 52401호 402호 (논현동),서울특별시 강남구 강남대로120길,"(37.5078593529799, 127.026887726906)"
116,129,장애인거주시설,마포구,서울특별시 마포구 잔다리로9길 21105동 501호,서울특별시 마포구 잔다리로9길,"(37.5572294725992, 126.913139537413)"
117,130,장애인거주시설,용산구,서울특별시 용산구 후암로28라길 9201호 (후암동 예원빌라),서울특별시 용산구 후암로28라길,"(37.549838391842, 126.980015874853)"
118,131,장애인거주시설,양천구,서울특별시 양천구 목동중앙본로17길 29401호 (목동청송하이츠빌라) ,서울특별시 양천구 목동중앙본로17길,"(37.5418031347062, 126.867551250312)"
119,132,장애인거주시설,관악구,서울특별시 관악구 조원로12길 66-02층,서울특별시 관악구 조원로12길,"(37.4823523748273, 126.907355947578)"
120,133,장애인거주시설,강동구,서울특별시 강동구 상암로79길 24,서울특별시 강동구 상암로79길,"(37.5482565672108, 127.166708084636)"
121,134,장애인거주시설,용산구,서울특별시 용산구 후암로35길 22-23(후암동),서울특별시 용산구 후암로35길,"(37.5503206898941, 126.976102253141)"
122,135,장애인거주시설,노원구,서울특별시 노원구 노원로18길 41(하계1동),서울특별시 노원구 노원로18길,"(37.6438254841186, 127.073444770883)"
123,136,장애인거주시설,강서구,서울특별시 강서구 양천로47길 70-6,서울특별시 강서구 양천로47길,"(37.5734553230502, 126.837212153863)"
124,137,장애인거주시설,강서구,서울특별시 강서구 등촌로13바길 59,서울특별시 강서구 등촌로13바길,"(37.535335766679, 126.856602538993)"
125,138,장애인거주시설,강서구,서울특별시 강서구 까치산로22길 35-5,서울특별시 강서구 까치산로22길,"(37.5487642421877, 126.852063757965)"
126,139,장애인거주시설,마포구,서울특별시 마포구 월드컵로 190-0604호 (이안상암2차오피스텔),서울특별시 마포구 월드컵로,"(37.566323846836, 126.89750607359)"
127,140,장애인거주시설,강서구,서울특별시 강서구 초록마을로26길 35-8,서울특별시 강서구 초록마을로26길,"(37.5393966694023, 126.849724468445)"
128,141,장애인거주시설,강서구,서울특별시 강서구 화곡로13길 20-9201호,서울특별시 강서구 화곡로13길,"(37.5433658970801, 126.832872477639)"
129,142,장애인거주시설,강서구,서울특별시 강서구 허준로5길 37B동 3층 (가양동)(가양동),서울특별시 강서구 허준로5길,"(37.5685541200566, 126.850730037805)"
130,143,장애인거주시설,강서구,서울특별시 강서구 강서로34길 36,서울특별시 강서구 강서로34길,"(37.5431230291422, 126.841126743172)"
131,144,장애인거주시설,노원구,서울특별시 노원구 상계로5길 22-9402호,서울특별시 노원구 상계로5길,"(37.6570410814906, 127.063548781873)"
132,145,장애인거주시설,송파구,서울특별시 송파구 마천로39길 35401호,서울특별시 송파구 마천로39길,"(37.4993628631793, 127.148366059362)"
133,146,장애인거주시설,강서구,서울특별시 강서구 초록마을로24길 7-8B동 502호 (화곡동 태영팰리스),서울특별시 강서구 초록마을로24길,"(37.5390471037253, 126.851021851415)"
134,147,장애인거주시설,구로구,서울특별시 구로구 구로중앙로27나길 18,서울특별시 구로구 구로중앙로27나길,"(37.4966927851764, 126.885166192938)"
135,148,장애인거주시설,강서구,서울특별시 강서구 초록마을로24길 7-8B동 202호 (화곡동 태영팰리스),서울특별시 강서구 초록마을로24길,"(37.5390471037253, 126.851021851415)"
136,149,장애인거주시설,강북구,서울특별시 강북구 인수봉로61길12-4,서울특별시 강북구 인수봉로61길12-4,"(37.6385797693653, 127.012845992352)"
137,150,장애인거주시설,강서구,서울특별시 강서구 방화대로7가길 11,서울특별시 강서구 방화대로7가길,"(37.5578038636455, 126.815810412343)"
138,151,장애인거주시설,도봉구,서울특별시 도봉구 우이천로 446-11501호(쌍문동 해밀하우스),서울특별시 도봉구 우이천로,"(37.6445545195084, 127.028862825234)"
139,152,장애인거주시설,강남구,서울특별시 강남구 도산대로50길 33-3401호 (논현동),서울특별시 강남구 도산대로50길,"(37.5206598696189, 127.037615152417)"
140,153,장애인거주시설,강남구,서울특별시 강남구 선릉로146길 27-4204호 (청담동),서울특별시 강남구 선릉로146길,"(37.5218013897618, 127.04229221011)"
141,154,장애인거주시설,종로구,서울특별시 종로구 혜화로12길 20-10101호,서울특별시 종로구 혜화로12길,"(37.5897306653632, 127.000155458268)"
142,155,장애인거주시설,도봉구,서울특별시 도봉구 우이천로47길 10601호 (쌍문동),서울특별시 도봉구 우이천로47길,"(37.6549330892582, 127.015001401941)"
143,156,장애인거주시설,강남구,서울특별시 강남구 도산대로4길 18-6401호 (논현동),서울특별시 강남구 도산대로4길,"(37.5157728670938, 127.02116148442)"
144,157,장애인거주시설,마포구,서울특별시 마포구 성미산로 165-5,서울특별시 마포구 성미산로,"(37.5616728406933, 126.918593861973)"
145,158,장애인거주시설,종로구,서울특별시 종로구 필운대로2길 16 (체부동),서울특별시 종로구 필운대로2길,"(37.5787001439274, 126.969671657764)"
146,159,장애인거주시설,노원구,서울특별시 노원구 노원로1길 21902동 1102호,서울특별시 노원구 노원로1길,"(37.6210634812426, 127.083403625545)"
147,160,장애인거주시설,동작구,서울특별시 동작구 양녕로22마길 90-02층,서울특별시 동작구 양녕로22마길,"(37.4970381628482, 126.946750464288)"
148,161,장애인거주시설,서초구,서울특별시 서초구 사임당로20길 16-0A동201호,서울특별시 서초구 사임당로20길,"(37.4894248843484, 127.021945339053)"
149,162,장애인거주시설,서초구,서울특별시 서초구 효령로23길 61501호,서울특별시 서초구 효령로23길,"(37.4823329953059, 126.993144425684)"
150,163,장애인거주시설,성북구,서울특별시 성북구 개운사길 60-39성북그룹홈1호,서울특별시 성북구 개운사길,"(37.5883952849144, 127.029247597138)"
151,164,장애인거주시설,성북구,서울특별시 성북구 보국문로6길 5-11102호 (정릉동 삼우빌라),서울특별시 성북구 보국문로6길,"(37.6062937853978, 127.012008500922)"
152,165,장애인거주시설,동작구,서울특별시 동작구 대방동2길 36502호 (대방동 신건드림원아파트),서울특별시 동작구 대방동2길,"(37.5019271883117, 126.928470111818)"
153,166,장애인거주시설,노원구,서울특별시 노원구 공릉로62길 8풍진빌라 B동 302호,서울특별시 노원구 공릉로62길,"(37.6365449540741, 127.072187266889)"
154,167,장애인거주시설,강동구,서울특별시 강동구 양재대로110길 15-5301호,서울특별시 강동구 양재대로110길,"(37.5353291645226, 127.140797312325)"
155,168,장애인거주시설,강동구,서울특별시 강동구 양재대로124길 67-143층,서울특별시 강동구 양재대로124길,"(37.5426216226225, 127.144715286425)"
156,169,장애인거주시설,강동구,서울특별시 강동구 양재대로135길 5-1101호,서울특별시 강동구 양재대로135길,"(37.54869089318, 127.143191849448)"
157,170,장애인거주시설,동작구,서울특별시 동작구 국사봉길 178102동 706호 (상도동 상도1차 갑을명가아파트),서울특별시 동작구 국사봉길,"(37.4957742861091, 126.931629306432)"
158,171,장애인거주시설,관악구,서울특별시 관악구 조원중앙로 44-32층,서울특별시 관악구 조원중앙로,"(37.4825155657139, 126.906464242559)"
159,172,장애인거주시설,강서구,서울특별시 강서구 공항대로39길 74502-902 (등촌동 등촌5단지주공아파트),서울특별시 강서구 공항대로39길,"(37.5613879713754, 126.844591523021)"
160,173,장애인거주시설,영등포구,서울특별시 영등포구 영신로8길 9201호 (영등포동),서울특별시 영등포구 영신로8길,"(37.5132380983691, 126.910093944852)"
161,174,장애인거주시설,강남구,서울특별시 강남구 삼성로57길 33-1202호 (대치동 리치빌)(대치동 리치빌),서울특별시 강남구 삼성로57길,"(37.497598798085, 127.058883764537)"
162,175,장애인거주시설,강남구,서울특별시 강남구 학동로42길 55-10401호 (논현동)(논현동),서울특별시 강남구 학동로42길,"(37.5125991357668, 127.036452421972)"
163,176,장애인거주시설,서초구,서울특별시 서초구 동산로12길 20301호,서울특별시 서초구 동산로12길,"(37.4707379425495, 127.046317575201)"
164,177,장애인거주시설,강남구,서울특별시 강남구 선릉로146길 27-4302호 (청담동)(청담동),서울특별시 강남구 선릉로146길,"(37.5218013897618, 127.04229221011)"
165,178,장애인거주시설,강남구,서울특별시 강남구 삼성로147길 16-10401호 (청담동)(청담동),서울특별시 강남구 삼성로147길,"(37.5207783654447, 127.046667038501)"
166,179,장애인거주시설,강남구,서울특별시 강남구 삼성로67길 8-7401호 (대치동)(대치동),서울특별시 강남구 삼성로67길,"(37.5006155132528, 127.057303092121)"
167,180,장애인거주시설,은평구,서울특별시 은평구 통일로89길 5-73층,서울특별시 은평구 통일로89길,"(37.6246267963622, 126.91853273442)"
168,181,장애인거주시설,관악구,서울특별시 관악구 국회단지길 672층,서울특별시 관악구 국회단지길,"(37.488748476562, 126.94166186123)"
169,182,장애인거주시설,마포구,서울특별시 마포구 동교로 55-10망원동,서울특별시 마포구 동교로,"(37.5552428479808, 126.917514961868)"
170,183,장애인거주시설,강서구,서울특별시 강서구 초록마을로16길 20201호,서울특별시 강서구 초록마을로16길,"(37.5411571837099, 126.849694570753)"
171,184,장애인거주시설,동작구,서울특별시 동작구 양녕로22마길 90-03층,서울특별시 동작구 양녕로22마길,"(37.4970381628482, 126.946750464288)"
172,186,장애인거주시설,양천구,서울특별시 양천구 곰달래로10길 19-1301호 (신월동),서울특별시 양천구 곰달래로10길,"(37.5280338799169, 126.837342362116)"
173,187,장애인거주시설,강동구,서울특별시 강동구 양재대로112길 86401호,서울특별시 강동구 양재대로112길,"(37.5363704857129, 127.142196377576)"
174,188,장애인거주시설,은평구,서울특별시 은평구 갈현로15길 11-13302호 (구산동),서울특별시 은평구 갈현로15길,"(37.6087696499915, 126.907379557778)"
175,190,장애인거주시설,서대문구,서울특별시 서대문구 연희로41가길 103-7.,서울특별시 서대문구 연희로41가길,"(37.5918597399119, 126.933379652836)"
176,191,장애인거주시설,강남구,서울특별시 강남구 논현로113길 38-1301호 (논현동),서울특별시 강남구 논현로113길,"(37.5081250939243, 127.031148143605)"
177,192,장애인거주시설,은평구,서울특별시 은평구 갈현로41길 48,서울특별시 은평구 갈현로41길,"(37.6256464404441, 126.914579407031)"
178,193,장애인거주시설,송파구,서울특별시 송파구 백제고분로 32길 32-1201호,서울특별시 송파구 백제고분로,"(37.5025454352153, 127.095296383523)"
179,194,장애인거주시설,송파구,서울특별시 송파구 오금로64나길 11-1301호,서울특별시 송파구 오금로64나길,"(37.4915845377339, 127.14874858997)"
180,195,장애인거주시설,강북구,서울특별시 강북구 삼양로163길 31-5101호,서울특별시 강북구 삼양로163길,"(37.6589065911469, 127.011926192554)"
181,196,장애인거주시설,노원구,서울특별시 노원구 동일로237바길 11-8101호(상계동),서울특별시 노원구 동일로237바길,"(37.6742448608594, 127.050703946328)"
182,197,장애인거주시설,강서구,서울특별시 강서구 공항대로45가길 29102동 201호 (등촌동),서울특별시 강서구 공항대로45가길,"(37.5564932322901, 126.853698795464)"
183,198,장애인거주시설,서대문구,서울특별시 서대문구 증가로4길 58-16(홍은동),서울특별시 서대문구 증가로4길,"(37.5776350453938, 126.927571115716)"
184,199,장애인거주시설,중랑구,서울특별시 중랑구 겸재로61길 81(망우동),서울특별시 중랑구 겸재로61길,"(37.5919600920462, 127.094725812684)"
185,200,장애인거주시설,관악구,서울특별시 관악구 난우16길 13-3 (신림동),서울특별시 관악구 난우16길,"(37.4775070889206, 126.91937036488)"
186,201,장애인거주시설,양천구,서울특별시 양천구 곰달래로3길 24-12201호 (신월동),서울특별시 양천구 곰달래로3길,"(37.5315615499543, 126.832940681436)"
187,202,장애인거주시설,송파구,서울특별시 송파구 성내천로42길 11301호 (마천동),서울특별시 송파구 성내천로42길,"(37.4960792157275, 127.152975522797)"
188,203,장애인거주시설,도봉구,서울특별시 도봉구 도봉로133길 14A동 301호 (쌍문동 성원하이츠아파트),서울특별시 도봉구 도봉로133길,"(37.6577074512309, 127.038004337977)"
189,204,장애인거주시설,강동구,서울특별시 강동구 아리수로74길 31-0201호,서울특별시 강동구 아리수로74길,"(37.5617922859795, 127.160829643199)"
190,205,장애인거주시설,강북구,서울특별시 강북구 노해로23길 88-18 (수유동),서울특별시 강북구 노해로23길,"(37.645955791442, 127.019831837593)"
191,206,장애인거주시설,서대문구,서울특별시 서대문구 연희로41나길 5-6202호 (홍은동),서울특별시 서대문구 연희로41나길,"(37.5924283890367, 126.934080601554)"
192,207,장애인거주시설,광진구,서울특별시 광진구 자양로35길 7-7군자작은예수의집 (구의동),서울특별시 광진구 자양로35길,"(37.5476848314717, 127.086383726227)"
193,208,장애인거주시설,강동구,서울특별시 강동구 천호대로1210 4층 (둔촌동),서울특별시 강동구 천호대로1210,"(37.534930341506, 127.145659416639)"
194,209,장애인거주시설,노원구,서울특별시 노원구 한글비석로50길 12301호,서울특별시 노원구 한글비석로50길,"(37.6650010882976, 127.066780075489)"
195,210,장애인거주시설,종로구,서울특별시 종로구 지봉로12가길 49101호 (숭인동)(숭인동),서울특별시 종로구 지봉로12가길,"(37.5756629667581, 127.01689070794)"
196,211,장애인거주시설,강서구,서울특별시 강서구 양천로30길 142층,서울특별시 강서구 양천로30길,"(37.5701704704454, 126.822694509191)"
197,212,장애인거주시설,은평구,서울특별시 은평구 갈현로15길 11-13301호 (구산동),서울특별시 은평구 갈현로15길,"(37.6087696499915, 126.907379557778)"
198,213,장애인거주시설,강서구,서울특별시 강서구 초록마을로34길61 201호 (화곡동),서울특별시 강서구 초록마을로34길61,"(37.5384108966029, 126.84499269475)"
199,214,장애인거주시설,노원구,서울특별시 노원구 동일로237다길 37201호 (상계동 풀래음파크빌),서울특별시 노원구 동일로237다길,"(37.6750214030452, 127.052582989092)"
200,215,장애인거주시설,강북구,서울특별시 강북구 인수봉로60가길 24-7201호 (수유동 다우빌라),서울특별시 강북구 인수봉로60가길,"(37.6369852948655, 127.015136128313)"
201,216,장애인거주시설,강서구,서울특별시 강서구 금낭화로26가길 1301층 ,서울특별시 강서구 금낭화로26가길,"(37.5853174201585, 126.810288232046)"
202,217,장애인거주시설,강남구,서울특별시 강남구 논현로117길 12-4401호 (논현동 현대로얄빌라),서울특별시 강남구 논현로117길,"(37.5095197457884, 127.031198828176)"
203,218,장애인거주시설,강동구,서울특별시 강동구 양재대로135길5-1 301호 (천호동),서울특별시 강동구 양재대로135길5-1,"(37.5483924809113, 127.143118967701)"
204,219,장애인거주시설,도봉구,서울특별시 도봉구 마들로 7091층 (도봉동),서울특별시 도봉구 마들로,"(37.6655389530602, 127.046343036097)"
205,220,장애인거주시설,도봉구,서울특별시 도봉구 방학동 686-1251 (방학동),서울특별시 도봉구 방학동,"(37.665897548954, 127.026875382235)"
206,221,장애인거주시설,강남구,서울특별시 강남구 언주로159길 21102호 (신사동),서울특별시 강남구 언주로159길,"(37.5244417403447, 127.031103340365)"
207,222,장애인거주시설,강남구,서울특별시 강남구 언주로159길 21101호 (신사동),서울특별시 강남구 언주로159길,"(37.5244417403447, 127.031103340365)"
208,223,장애인거주시설,강남구,서울특별시 강남구 언주로157길 22가동 2층 2호 (신사동),서울특별시 강남구 언주로157길,"(37.5239099600076, 127.031812643974)"
209,224,장애인거주시설,마포구,서울특별시 마포구 마포대로4라길41 201호 (마포동 마포더힐),서울특별시 마포구 마포대로4라길41,"(37.5366200152221, 126.946066430692)"
210,225,장애인거주시설,양천구,서울특별시 양천구 신월로192 202호 (신월동),서울특별시 양천구 신월로192,"(37.5195537331482, 126.844287275211)"
211,226,장애인거주시설,강서구,서울특별시 강서구 방화동로5길38-7 (방화동),서울특별시 강서구 방화동로5길38-7,"(37.5649708423999, 126.810634016207)"
212,227,장애인거주시설,구로구,서울특별시 구로구 부일로871-16 101동 601호 (온수동 디아이빌2차),서울특별시 구로구 부일로871-16,"(37.4932304671412, 126.823479263612)"
213,228,장애인거주시설,구로구,서울특별시 구로구 부일로871-16 101동 501호 (온수동디아이빌),서울특별시 구로구 부일로871-16,"(37.4932304671412, 126.823479263612)"
214,229,장애인거주시설,강서구,서울특별시 강서구 금낭화로26가길 130-0,서울특별시 강서구 금낭화로26가길,"(37.5853174201585, 126.810288232046)"
215,230,장애인거주시설,성북구,서울특별시 성북구 화랑로134 (하월곡동),서울특별시 성북구 화랑로134,"(37.604974617288, 127.046368743207)"
216,231,장애인거주시설,송파구,서울특별시 송파구 삼전로3길3-25 (잠실동),서울특별시 송파구 삼전로3길3-25,"(37.501692640123, 127.084135819861)"
217,232,장애인거주시설,중구,서울특별시 중구 동호로11나길 35202호 (신당동),서울특별시 중구 동호로11나길,"(37.5522714525972, 127.006040371697)"
218,233,장애인거주시설,구로구,서울특별시 구로구 부일로871-16 871-16 101동 202호 302호,서울특별시 구로구 부일로871-16,"(37.4932304671412, 126.823479263612)"
219,234,장애인거주시설,도봉구,서울특별시 도봉구 시루봉로17길47 202호 (방학동),서울특별시 도봉구 시루봉로17길47,"(37.6691390108516, 127.032249707603)"
220,235,장애인거주시설,도봉구,서울특별시 도봉구 시루봉로17길47 502호 (방학동),서울특별시 도봉구 시루봉로17길47,"(37.6691390108516, 127.032249707603)"
221,236,장애인거주시설,강남구,서울특별시 강남구 헌릉로757길 35 (율현동),서울특별시 강남구 헌릉로757길,"(37.4713818798843, 127.11916748461)"
222,237,장애인거주시설,강북구,서울특별시 강북구 삼양로123길 14-19 (수유동),서울특별시 강북구 삼양로123길,"(37.6446710313698, 127.013850615446)"
223,238,장애인거주시설,서초구,서울특별시 서초구 동산로12길 20203호 (양재동 동은빌라),서울특별시 서초구 동산로12길,"(37.4707379425495, 127.046317575201)"
224,239,장애인거주시설,강남구,서울특별시 강남구 학동로18길 23-1302호 (논현동),서울특별시 강남구 학동로18길,"(37.5108039005918, 127.028533795553)"
225,240,장애인거주시설,서대문구,서울특별시 서대문구 연희로41가길 103-13201호(홍은동),서울특별시 서대문구 연희로41가길,"(37.5918597399119, 126.933379652836)"
226,241,장애인거주시설,송파구,서울특별시 송파구 성내천로 239 (마천동),서울특별시 송파구 성내천로,"(37.5006405592409, 127.138743455419)"
227,242,장애인거주시설,강남구,서울특별시 강남구 언주로157길 22영빈빌라 가동 (신사동) 1호,서울특별시 강남구 언주로157길,"(37.5239099600076, 127.031812643974)"
228,243,장애인거주시설,구로구,서울특별시 구로구 고척로21다길34-7 501호 (개봉동 리움하우스),서울특별시 구로구 고척로21다길34-7,"(37.5034694045718, 126.843284511608)"
229,244,장애인거주시설,송파구,서울특별시 송파구 성내천로 271 2층 (마천동),서울특별시 송파구 성내천로,"(37.5006405592409, 127.138743455419)"
230,245,장애인거주시설,강서구,서울특별시 강서구 초록마을로19길 12 301호 (화곡동),서울특별시 강서구 초록마을로19길,"(37.5408153415875, 126.852262430029)"
231,247,장애인거주시설,강남구,서울특별시 강남구 광평로60길 222층 (수서동 강남구직업재활센터),서울특별시 강남구 광평로60길,"(37.4875044041715, 127.106866572056)"
232,248,장애인거주시설,강북구,서울특별시 강북구 삼양로69길 423층 (수유동),서울특별시 강북구 삼양로69길,"(37.6282347450987, 127.016446744475)"
233,249,장애인거주시설,강서구,서울특별시 강서구 월정로18길 20 401호 (화곡동),서울특별시 강서구 월정로18길,"(37.529300404607, 126.840104600181)"
234,250,장애인거주시설,강북구,서울특별시 강북구 한천로144길 27 (수유동),서울특별시 강북구 한천로144길,"(37.6426260105031, 127.026749838299)"
235,251,장애인거주시설,동작구,서울특별시 동작구 남부순환로255길 8-0 (사당동 장미빌라)8 201호 (사당동 장미빌라 201호),서울특별시 동작구 남부순환로255길,"(37.4769270137258, 126.970675156582)"
236,252,장애인거주시설,송파구,서울특별시 송파구 오금로 548 (거여동),서울특별시 송파구 오금로,"(37.5042339166908, 127.124712298791)"
237,253,장애인거주시설,강북구,서울특별시 강북구 삼양로91가길 8-0 (수유동 JS홈타운)8 2동 201호 (수유동 JS홈타운),서울특별시 강북구 삼양로91가길,"(37.6364228015596, 127.015884221408)"
238,254,장애인거주시설,송파구,서울특별시 송파구 거마로3길 5 가동 102호 (거여동 대진아트빌라),서울특별시 송파구 거마로3길,"(37.4949307989737, 127.142524980163)"
239,255,장애인거주시설,강서구,서울특별시 강서구 강서로5라길 138 2층 (화곡동),서울특별시 강서구 강서로5라길,"(37.5299513171017, 126.854335671748)"
240,256,장애인거주시설,구로구,서울특별시 구로구 고척로52마길 21-11 1층 (개봉동),서울특별시 구로구 고척로52마길,"(37.5009845809352, 126.854311101877)"
241,257,장애인거주시설,강북구,서울특별시 강북구 삼양로173가길 22 (우이동),서울특별시 강북구 삼양로173가길,"(37.6619156292846, 127.010672737747)"
242,258,장애인거주시설,양천구,서울특별시 양천구 월정로 22 401호 (신월동),서울특별시 양천구 월정로,"(37.5330382271207, 126.836501504)"
243,259,장애인거주시설,금천구,서울특별시 금천구 독산로 165-1 1층 3층 (시흥동),서울특별시 금천구 독산로,"(37.4635858187884, 126.903465619943)"
244,260,장애인거주시설,금천구,서울특별시 금천구 시흥대로80길 19-11 2층 (독산동),서울특별시 금천구 시흥대로80길,"(37.4590253015126, 126.900798261023)"
245,261,장애인거주시설,강남구,서울특별시 강남구 헌릉로569길 46-6 1층 (세곡동),서울특별시 강남구 헌릉로569길,"(37.4670353970674, 127.097997256286)"
246,262,장애인거주시설,강서구,서울특별시 강서구 월정로18길 20401 (화곡동)(화곡동),서울특별시 강서구 월정로18길,"(37.529300404607, 126.840104600181)"
247,0,장애인생산품판매시설,양천구,서울특별시 양천구 목동서로 33(목동),서울특별시 양천구 목동서로,"(37.5287045959832, 126.870412465084)"
248,0,장애인의료재활시설,강동구,서울특별시 강동구 상암로 369 상일동 179,서울특별시 강동구 상암로,"(37.5465495715747, 127.146577455573)"
249,1,장애인의료재활시설,관악구,서울특별시 관악구 보라매로 44보라매동,서울특별시 관악구 보라매로,"(37.4921304295388, 126.926809297327)"
250,3,장애인의료재활시설,은평구,서울특별시 은평구 갈현로11길 30-0,서울특별시 은평구 갈현로11길,"(37.6050288149098, 126.907818277259)"
251,4,장애인의료재활시설,마포구,서울특별시 마포구 월드컵북로 494푸르메재단넥슨어린이재활병원 (상암동),서울특별시 마포구 월드컵북로,"(37.5717393153074, 126.901141476306)"
252,5,장애인의료재활시설,성동구,서울특별시 성동구 뚝섬로1길 43 1층 (성수동1가 성수문화복지회관),서울특별시 성동구 뚝섬로1길,"(37.5441748167139, 127.046954891028)"
253,0,장애인지역사회재활시설,송파구,서울특별시 송파구 오금로11길 68  ,서울특별시 송파구 오금로11길,"(37.5154268148685, 127.111087252218)"
254,1,장애인지역사회재활시설,송파구,서울특별시 송파구 삼학사로19길 27　,서울특별시 송파구 삼학사로19길,"(37.5060822026375, 127.09489609861)"
255,2,장애인지역사회재활시설,동작구,서울특별시 동작구 여의대방로20길 33-0395(보라매공원내),서울특별시 동작구 여의대방로20길,"(37.4937776246699, 126.918773454)"
256,3,장애인지역사회재활시설,강남구,서울특별시 강남구 봉은사로50길 6　,서울특별시 강남구 봉은사로50길,"(37.5084865669078, 127.043449991258)"
257,4,장애인지역사회재활시설,마포구,서울특별시 마포구 성산로4길 353층(마포장애인종합복지관)(성산동),서울특별시 마포구 성산로4길,"(37.5633922558554, 126.908910343214)"
258,5,장애인지역사회재활시설,노원구,서울특별시 노원구 화랑로478,서울특별시 노원구 화랑로478,"(37.6189436210153, 127.080310585747)"
259,6,장애인지역사회재활시설,중랑구,서울특별시 중랑구 신내로 56-0(신내동),서울특별시 중랑구 신내로,"(37.6119244970683, 127.096402669893)"
260,7,장애인지역사회재활시설,구로구,서울특별시 구로구 남부순환로105라길 25-10,서울특별시 구로구 남부순환로105라길,"(37.4804789793189, 126.889515560149)"
261,8,장애인지역사회재활시설,강남구,서울특별시 강남구 헌릉로757길 35　,서울특별시 강남구 헌릉로757길,"(37.4713818798843, 127.11916748461)"
262,9,장애인지역사회재활시설,은평구,서울특별시 은평구 역말로10길 30-1오병이어복지관 1층,서울특별시 은평구 역말로10길,"(37.6103269744726, 126.923002484195)"
263,10,장애인지역사회재활시설,노원구,서울특별시 노원구 공릉로58마길 27나눔아트센터 2층 (하계동),서울특별시 노원구 공릉로58마길,"(37.6363452516664, 127.078058294914)"
264,11,장애인지역사회재활시설,서초구,서울특별시 서초구 헌릉로468길 21-16(내곡동),서울특별시 서초구 헌릉로468길,"(37.4583004467832, 127.087801693866)"
265,12,장애인지역사회재활시설,송파구,서울특별시 송파구 마천로51길 283층,서울특별시 송파구 마천로51길,"(37.4966688076984, 127.15201867362)"
266,13,장애인지역사회재활시설,강서구,서울특별시 강서구 허준로5길 37  -0,서울특별시 강서구 허준로5길,"(37.5685541200566, 126.850730037805)"
267,14,장애인지역사회재활시설,노원구,서울특별시 노원구 덕릉로70가길 92(상계67동 771번지)(상계동),서울특별시 노원구 덕릉로70가길,"(37.6431259280425, 127.057972570432)"
268,15,장애인지역사회재활시설,동작구,서울특별시 동작구 신대방2동395 보라매공원내,서울특별시 동작구 신대방2동395,"(37.4984034227497, 126.924525599335)"
269,16,장애인지역사회재활시설,금천구,서울특별시 금천구 시흥대로101길 17,서울특별시 금천구 시흥대로101길,"(37.4641246054214, 126.896318143512)"
270,17,장애인지역사회재활시설,금천구,서울특별시 금천구 금하로18길 8-1 (시흥동),서울특별시 금천구 금하로18길,"(37.4517774606637, 126.905294719012)"
271,18,장애인지역사회재활시설,서대문구,서울특별시 서대문구 수색로4가길 23(남가좌동),서울특별시 서대문구 수색로4가길,"(37.5706322074914, 126.914328383486)"
272,19,장애인지역사회재활시설,용산구,서울특별시 용산구 한강대로 3313층,서울특별시 용산구 한강대로,"(37.5364888834287, 126.974277118032)"
273,20,장애인지역사회재활시설,송파구,서울특별시 송파구 마천로61길 26송파인성장애인복지관,서울특별시 송파구 마천로61길,"(37.4937088118685, 127.153975064823)"
274,21,장애인지역사회재활시설,서초구,서울특별시 서초구 강남대로 65길 19  ,서울특별시 서초구 강남대로,"(37.4941622851569, 127.029430752744)"
275,22,장애인지역사회재활시설,성북구,서울특별시 성북구 화랑로 130　,서울특별시 성북구 화랑로,"(37.6077848227002, 127.051123359584)"
276,23,장애인지역사회재활시설,금천구,서울특별시 금천구 시흥대로2길57 (시흥동),서울특별시 금천구 시흥대로2길57,"(37.4352574428289, 126.906415629427)"
277,24,장애인지역사회재활시설,강북구,서울특별시 강북구 삼양로80길 73층,서울특별시 강북구 삼양로80길,"(37.631236034454, 127.019868595854)"
278,25,장애인지역사회재활시설,서초구,서울특별시 서초구 헌릉로468길 21-16 (내곡동)(내곡동),서울특별시 서초구 헌릉로468길,"(37.4583004467832, 127.087801693866)"
279,26,장애인지역사회재활시설,서대문구,서울특별시 서대문구 증가로4길 531층,서울특별시 서대문구 증가로4길,"(37.5776350453938, 126.927571115716)"
280,27,장애인지역사회재활시설,양천구,서울특별시 양천구 신목로 5(신정2동1278-1),서울특별시 양천구 신목로,"(37.5207113554615, 126.873148089858)"
281,28,장애인지역사회재활시설,도봉구,서울특별시 도봉구 도봉로169가길 45도봉동,서울특별시 도봉구 도봉로169가길,"(37.6814429841623, 127.043420415551)"
282,29,장애인지역사회재활시설,강북구,서울특별시 강북구 도봉로 3885층 (번동테마빌딩),서울특별시 강북구 도봉로,"(37.626948778629, 127.025917602548)"
283,30,장애인지역사회재활시설,관악구,서울특별시 관악구 쑥고개로 1281층 (봉천동),서울특별시 관악구 쑥고개로,"(37.4795053124814, 126.944107950277)"
284,31,장애인지역사회재활시설,도봉구,서울특별시 도봉구 마들로13길 153옥산빌딩 4층 (창동),서울특별시 도봉구 마들로13길,"(37.6565992429733, 127.046552573247)"
285,32,장애인지역사회재활시설,서대문구,서울특별시 서대문구 경기대로 15엘림넷빌딩 3층 (충정로3가),서울특별시 서대문구 경기대로,"(37.5634912495718, 126.962445948615)"
286,33,장애인지역사회재활시설,노원구,서울특별시 노원구 한글비석로24라길 94-13 (상계동),서울특별시 노원구 한글비석로24라길,"(37.664427567868, 127.071173132286)"
287,34,장애인지역사회재활시설,노원구,서울특별시 노원구 노원로18길 41(하계동),서울특별시 노원구 노원로18길,"(37.6438254841186, 127.073444770883)"
288,35,장애인지역사회재활시설,노원구,서울특별시 노원구 덕릉로70가길 92서울특별시립북부장애인복지관내 1층,서울특별시 노원구 덕릉로70가길,"(37.6431259280425, 127.057972570432)"
289,36,장애인지역사회재활시설,은평구,서울특별시 은평구 갈현로15길 11-131층,서울특별시 은평구 갈현로15길,"(37.6087696499915, 126.907379557778)"
290,37,장애인지역사회재활시설,강동구,서울특별시 강동구 상암로 195에이플러스 5층 502호,서울특별시 강동구 상암로,"(37.5465495715747, 127.146577455573)"
291,38,장애인지역사회재활시설,은평구,서울특별시 은평구 증산로5길 7 (증산동),서울특별시 은평구 증산로5길,"(37.5838958270254, 126.905921361742)"
292,39,장애인지역사회재활시설,성북구,서울특별시 성북구 아리랑로4길 22201호 (동선동4가),서울특별시 성북구 아리랑로4길,"(37.5955521463711, 127.017916234115)"
293,40,장애인지역사회재활시설,강동구,서울특별시 강동구 천중로 874층 (천호동),서울특별시 강동구 천중로,"(37.5414986033804, 127.136790086828)"
294,41,장애인지역사회재활시설,양천구,서울특별시 양천구 신목로 203층,서울특별시 양천구 신목로,"(37.5207113554615, 126.873148089858)"
295,42,장애인지역사회재활시설,구로구,서울특별시 구로구 부일로15길 25-5금강빌딩 4층,서울특별시 구로구 부일로15길,"(37.4947966274101, 126.8327912432)"
296,43,장애인지역사회재활시설,노원구,서울특별시 노원구 노원로32길 42-20,서울특별시 노원구 노원로32길,"(37.6556289991745, 127.068491391144)"
297,44,장애인지역사회재활시설,은평구,서울특별시 은평구 통일로87길 6-19,서울특별시 은평구 통일로87길,"(37.6233976731401, 126.918406866539)"
298,45,장애인지역사회재활시설,은평구,서울특별시 은평구 연서로17길 473층,서울특별시 은평구 연서로17길,"(37.6132750061106, 126.914740346088)"
299,46,장애인지역사회재활시설,용산구,서울특별시 용산구 서빙고로 245 (서빙고동),서울특별시 용산구 서빙고로,"(37.5202972401794, 126.994926783123)"
300,47,장애인지역사회재활시설,영등포구,서울특별시 영등포구 버드나루로 22(영등포동2가),서울특별시 영등포구 버드나루로,"(37.5252901715372, 126.909371190662)"
301,48,장애인지역사회재활시설,노원구,서울특별시 노원구 화랑로 478,서울특별시 노원구 화랑로,"(37.623667879153, 127.090607080004)"
302,49,장애인지역사회재활시설,영등포구,서울특별시 영등포구 도영로 37 (도림동),서울특별시 영등포구 도영로,"(37.5110293554391, 126.899027227886)"
303,50,장애인지역사회재활시설,구로구,서울특별시 구로구 남부순환로105라길 25-103층,서울특별시 구로구 남부순환로105라길,"(37.4804789793189, 126.889515560149)"
304,51,장애인지역사회재활시설,노원구,서울특별시 노원구 월계로 372단지 내 복지관 2층 (월계동 월계사슴1단지아파트),서울특별시 노원구 월계로,"(37.6287054858536, 127.056661203573)"
305,52,장애인지역사회재활시설,노원구,서울특별시 노원구 동일로245길 56상계1동 1257번지 (상계동 북부종합사회복지관),서울특별시 노원구 동일로245길,"(37.6805119109235, 127.052102577222)"
306,53,장애인지역사회재활시설,노원구,서울특별시 노원구 덕릉로115나길 25상계종합사회복지관 3층 장애인주간보호센터,서울특별시 노원구 덕릉로115나길,"(37.6676555530478, 127.078355845299)"
307,54,장애인지역사회재활시설,노원구,서울특별시 노원구 노원로 331평화종합사회복지관 내 (중계동 시영3단지목련아파트),서울특별시 노원구 노원로,"(37.6438917702914, 127.071433176859)"
308,55,장애인지역사회재활시설,영등포구,서울특별시 영등포구 신길로 553층,서울특별시 영등포구 신길로,"(37.5054633407481, 126.910819517771)"
309,56,장애인지역사회재활시설,동작구,서울특별시 동작구 여의대방로20길 33보라매공원 내 (신대방동),서울특별시 동작구 여의대방로20길,"(37.4937776246699, 126.918773454)"
310,57,장애인지역사회재활시설,양천구,서울특별시 양천구 신월로11길 16.,서울특별시 양천구 신월로11길,"(37.5193865223575, 126.839917844941)"
311,58,장애인지역사회재활시설,노원구,서울특별시 노원구 상계로23길 42 (상계동),서울특별시 노원구 상계로23길,"(37.659428296473, 127.067960072365)"
312,59,장애인지역사회재활시설,중랑구,서울특별시 중랑구 신내로 56 (신내동),서울특별시 중랑구 신내로,"(37.6119244970683, 127.096402669893)"
313,60,장애인지역사회재활시설,동작구,서울특별시 동작구 여의대방로20길 33보라매공원 내 (신대방동),서울특별시 동작구 여의대방로20길,"(37.4937776246699, 126.918773454)"
314,61,장애인지역사회재활시설,은평구,서울특별시 은평구 갈현로11길 30 (구산동),서울특별시 은평구 갈현로11길,"(37.6050288149098, 126.907818277259)"
315,62,장애인지역사회재활시설,광진구,서울특별시 광진구 워커힐로 93 정립회관 내 ,서울특별시 광진구 워커힐로,"(37.5490495749023, 127.09868449213)"
316,63,장애인지역사회재활시설,강서구,서울특별시 강서구 발산로 404층 7~8호419호~421호(서울농수산식품공사강서지사) (외발산동),서울특별시 강서구 발산로,"(37.55378706104, 126.818323634477)"
317,64,장애인지역사회재활시설,구로구,서울특별시 구로구 가마산로 2724층 (구로동),서울특별시 구로구 가마산로,"(37.4917909274297, 126.882034788346)"
318,65,장애인지역사회재활시설,송파구,서울특별시 송파구 백제고분로32길 35삼전종합복지관 3층 삼전주간보호시설,서울특별시 송파구 백제고분로32길,"(37.5002258590229, 127.094882692979)"
319,66,장애인지역사회재활시설,송파구,서울특별시 송파구 올림픽로 474,서울특별시 송파구 올림픽로,"(37.5149014053102, 127.105018464362)"
320,67,장애인지역사회재활시설,송파구,서울특별시 송파구 삼학사로2길 49 (가락동),서울특별시 송파구 삼학사로2길,"(37.4958935537689, 127.100119983633)"
321,68,장애인지역사회재활시설,강서구,서울특별시 강서구 허준로 65,서울특별시 강서구 허준로,"(37.565254149473, 126.853546969889)"
322,69,장애인지역사회재활시설,강남구,서울특별시 강남구 논현로98길 16충현복지관,서울특별시 강남구 논현로98길,"(37.5039061157305, 127.037144750305)"
323,70,장애인지역사회재활시설,강남구,서울특별시 강남구 개포로 617-8.,서울특별시 강남구 개포로,"(37.4888715276442, 127.065277966053)"
324,71,장애인지역사회재활시설,중랑구,서울특별시 중랑구 면목로 299용마새마을금고 67층 (면목동),서울특별시 중랑구 면목로,"(37.5832698672153, 127.088419117083)"
325,72,장애인지역사회재활시설,강남구,서울특별시 강남구 헌릉로757길 35.,서울특별시 강남구 헌릉로757길,"(37.4713818798843, 127.11916748461)"
326,73,장애인지역사회재활시설,강남구,서울특별시 강남구 헌릉로757길 35.,서울특별시 강남구 헌릉로757길,"(37.4713818798843, 127.11916748461)"
327,74,장애인지역사회재활시설,동작구,서울특별시 동작구 사당로 188-7 (사당동),서울특별시 동작구 사당로,"(37.4876650127185, 126.966766504277)"
328,75,장애인지역사회재활시설,성동구,서울특별시 성동구 청계천로 506성동장애인종합복지관 1층 (마장동),서울특별시 성동구 청계천로,"(37.5706560037487, 127.033228114045)"
329,76,장애인지역사회재활시설,은평구,서울특별시 은평구 증산서길 821층,서울특별시 은평구 증산서길,"(37.583489758873, 126.906500178837)"
330,77,장애인지역사회재활시설,서초구,서울특별시 서초구 남부순환로 2124 (방배동),서울특별시 서초구 남부순환로,"(37.4795213693356, 127.010831254579)"
331,78,장애인지역사회재활시설,노원구,서울특별시 노원구 노원로18길 41 (하계동),서울특별시 노원구 노원로18길,"(37.6438254841186, 127.073444770883)"
332,79,장애인지역사회재활시설,서초구,서울특별시 서초구 서운로23길 17명달공원 경로당내,서울특별시 서초구 서운로23길,"(37.4993775281299, 127.021779183808)"
333,80,장애인지역사회재활시설,강동구,서울특별시 강동구 고덕로 201 (고덕동),서울특별시 강동구 고덕로,"(37.5549803761105, 127.153671778224)"
334,81,장애인지역사회재활시설,노원구,서울특별시 노원구 덕릉로70가길 96 (상계67동771),서울특별시 노원구 덕릉로70가길,"(37.6431259280425, 127.057972570432)"
335,82,장애인지역사회재활시설,송파구,서울특별시 송파구 마천로 893층,서울특별시 송파구 마천로,"(37.502209915053, 127.140509477108)"
336,83,장애인지역사회재활시설,중구,서울특별시 중구 소공로4길 15 (회현동2가),서울특별시 중구 소공로4길,"(37.5576299472689, 126.98348741221)"
337,84,장애인지역사회재활시설,서초구,서울특별시 서초구 강남대로65길 19서초동,서울특별시 서초구 강남대로65길,"(37.5003666460528, 127.024998130473)"
338,85,장애인지역사회재활시설,노원구,서울특별시 노원구 한글비석로24가길 72-201층,서울특별시 노원구 한글비석로24가길,"(37.6629769678061, 127.070306423951)"
339,86,장애인지역사회재활시설,서초구,서울특별시 서초구 남부순환로340길 153층 (서초동),서울특별시 서초구 남부순환로340길,"(37.4814167206974, 127.023363163585)"
340,87,장애인지역사회재활시설,종로구,서울특별시 종로구 필운대로9나길 15-4 (옥인동),서울특별시 종로구 필운대로9나길,"(37.5828773971806, 126.966899482298)"
341,88,장애인지역사회재활시설,서대문구,서울특별시 서대문구 북아현로4차길 4,서울특별시 서대문구 북아현로4차길,"(37.561498064237, 126.959710309316)"
342,89,장애인지역사회재활시설,노원구,서울특별시 노원구 덕릉로 662주공3단지 내,서울특별시 노원구 덕릉로,"(37.6596791074973, 127.075409685506)"
343,90,장애인지역사회재활시설,영등포구,서울특별시 영등포구 도림로 310-1301 (신길동),서울특별시 영등포구 도림로,"(37.5049436062008, 126.90256269501)"
344,91,장애인지역사회재활시설,종로구,서울특별시 종로구 동숭4길 28비둘기재활센터 2층 (동숭동),서울특별시 종로구 동숭4길,"(37.5841290774646, 127.005223821537)"
345,92,장애인지역사회재활시설,중구,서울특별시 중구 퇴계로20길 41-11남산쉼터 2층,서울특별시 중구 퇴계로20길,"(37.5585679693392, 126.986251806114)"
346,93,장애인지역사회재활시설,영등포구,서울특별시 영등포구 경인로112길 132층 (영등포동1가),서울특별시 영등포구 경인로112길,"(37.5179882632079, 126.914191555431)"
347,94,장애인지역사회재활시설,노원구,서울특별시 노원구 상계로23길 17윈터행복발전소 2층 (상계동),서울특별시 노원구 상계로23길,"(37.659428296473, 127.067960072365)"
348,95,장애인지역사회재활시설,강북구,서울특별시 강북구 삼양로 4323층 (수유동),서울특별시 강북구 삼양로,"(37.6379547525636, 127.017129356939)"
349,96,장애인지역사회재활시설,용산구,서울특별시 용산구 백범로47길 24 101호(효창동),서울특별시 용산구 백범로47길,"(37.5411940765111, 126.959730968458)"
350,97,장애인지역사회재활시설,마포구,서울특별시 마포구 성산로4길 35마포장애인종합복지관 (성산동),서울특별시 마포구 성산로4길,"(37.5633922558554, 126.908910343214)"
351,98,장애인지역사회재활시설,도봉구,서울특별시 도봉구 도봉로120길 16,서울특별시 도봉구 도봉로120길,"(37.6506374448915, 127.036858379652)"
352,99,장애인지역사회재활시설,송파구,서울특별시 송파구 성내천로22길 162층,서울특별시 송파구 성내천로22길,"(37.5001057654257, 127.146905505833)"
353,100,장애인지역사회재활시설,송파구,서울특별시 송파구 문정로 135층 (문정동),서울특별시 송파구 문정로,"(37.4926972293626, 127.136085097915)"
354,101,장애인지역사회재활시설,성동구,서울특별시 성동구 청계천로 516성동장애인생활회관 3층 (마장동),서울특별시 성동구 청계천로,"(37.5706560037487, 127.033228114045)"
355,102,장애인지역사회재활시설,송파구,서울특별시 송파구 송이로34길 43-13층(마라빌딩),서울특별시 송파구 송이로34길,"(37.4850665252617, 127.129825998629)"
356,103,장애인지역사회재활시설,도봉구,서울특별시 도봉구 평화로15번길 9-25.,서울특별시 도봉구 평화로15번길,"(37.6936223471179, 127.044518374744)"
357,104,장애인지역사회재활시설,도봉구,서울특별시 도봉구 도당로 532층 (방학동),서울특별시 도봉구 도당로,"(37.6646844556655, 127.035748028609)"
358,105,장애인지역사회재활시설,송파구,서울특별시 송파구 마천로51길 282층,서울특별시 송파구 마천로51길,"(37.4966688076984, 127.15201867362)"
359,106,장애인지역사회재활시설,강남구,서울특별시 강남구 학동로 343(학동) 포바강남타워 지하,서울특별시 강남구 학동로,"(37.5171854156214, 127.041144875644)"
360,107,장애인지역사회재활시설,강남구,서울특별시 강남구 개포로 613 (개포동),서울특별시 강남구 개포로,"(37.4888715276442, 127.065277966053)"
361,108,장애인지역사회재활시설,용산구,서울특별시 용산구 효창원로69길 42-3한벗회관 2층,서울특별시 용산구 효창원로69길,"(37.5424273039035, 126.960349595204)"
362,109,장애인지역사회재활시설,양천구,서울특별시 양천구 남부순환로65길 12-2 (신월동),서울특별시 양천구 남부순환로65길,"(37.5278968788293, 126.834775703541)"
363,110,장애인지역사회재활시설,강서구,서울특별시 강서구 방화대로 45길 69(방화동 452-5)  ,서울특별시 강서구 방화대로,"(37.5631415775948, 126.816527540567)"
364,111,장애인지역사회재활시설,강서구,서울특별시 강서구 개화동로21길 4 (방화동 방화11단지아파트),서울특별시 강서구 개화동로21길,"(37.5719467620986, 126.80491660137)"
365,112,장애인지역사회재활시설,구로구,서울특별시 구로구 구로중앙로28길 625층(구로동),서울특별시 구로구 구로중앙로28길,"(37.4998332277314, 126.888157232817)"
366,113,장애인지역사회재활시설,강남구,서울특별시 강남구광평로60길 22(수서동),서울특별시 강남구광평로60길 22(수서동),"(37.4869808423495, 127.106950967914)"
367,114,장애인지역사회재활시설,강서구,서울특별시 강서구 까치산로 134화곡빌딩 2층,서울특별시 강서구 까치산로,"(37.5473311724738, 126.848766476236)"
368,115,장애인지역사회재활시설,강남구,서울특별시 강남구 개포로 605  ,서울특별시 강남구 개포로,"(37.4888715276442, 127.065277966053)"
369,116,장애인지역사회재활시설,강서구,서울특별시 강서구 양천로47길 70-6,서울특별시 강서구 양천로47길,"(37.5734553230502, 126.837212153863)"
370,117,장애인지역사회재활시설,금천구,서울특별시 금천구 시흥대로147길 30-152층,서울특별시 금천구 시흥대로147길,"(37.474324809438, 126.896987673277)"
371,118,장애인지역사회재활시설,중구,서울특별시 중구 퇴계로20길 41-11남산쉼터 1층,서울특별시 중구 퇴계로20길,"(37.5585679693392, 126.986251806114)"
372,119,장애인지역사회재활시설,동대문구,서울특별시 동대문구 청계천로 521다사랑행복센터 (용두동),서울특별시 동대문구 청계천로,"(37.5706211495936, 127.033177047025)"
373,120,장애인지역사회재활시설,강남구,서울특별시 강남구 테헤란로8길 36강남문화원 2층,서울특별시 강남구 테헤란로8길,"(37.4973663637385, 127.03183044358)"
374,121,장애인지역사회재활시설,중구,서울특별시 중구 수표로 33영락교회 교육관 1층,서울특별시 중구 수표로,"(37.5646349389607, 126.99001994005)"
375,122,장애인지역사회재활시설,성동구,서울특별시 성동구 독서당로44길 25.,서울특별시 성동구 독서당로44길,"(37.5450196989845, 127.01926609859)"
376,123,장애인지역사회재활시설,도봉구,서울특별시 도봉구 삼양로 574-442층,서울특별시 도봉구 삼양로,"(37.6545843821237, 127.01294700063)"
377,124,장애인지역사회재활시설,동대문구,서울특별시 동대문구 장안벚꽃로 7길 5　,서울특별시 동대문구 장안벚꽃로,"(37.5750795636594, 127.076695295724)"
378,125,장애인지역사회재활시설,중구,서울특별시 중구 다산로22길 111층,서울특별시 중구 다산로22길,"(37.5571811192879, 127.014046044617)"
379,126,장애인지역사회재활시설,용산구,서울특별시 용산구 효창원로93길 49 (효창동),서울특별시 용산구 효창원로93길,"(37.5479660925322, 126.962232054303)"
380,127,장애인지역사회재활시설,서초구,서울특별시 서초구 남부순환로340길 15  ,서울특별시 서초구 남부순환로340길,"(37.4814167206974, 127.023363163585)"
381,128,장애인지역사회재활시설,노원구,서울특별시 노원구 노원로32길 30-3　,서울특별시 노원구 노원로32길,"(37.6556289991745, 127.068491391144)"
382,129,장애인지역사회재활시설,강서구,서울특별시 강서구 허준로 65　,서울특별시 강서구 허준로,"(37.565254149473, 126.853546969889)"
383,130,장애인지역사회재활시설,강북구,서울특별시 강북구 오현로 189강북장애인종합복지관,서울특별시 강북구 오현로,"(37.6222585998452, 127.037631055763)"
384,131,장애인지역사회재활시설,동작구,서울특별시 동작구 양녕로30길 19-4(상도동),서울특별시 동작구 양녕로30길,"(37.4991398236072, 126.945311732582)"
385,132,장애인지역사회재활시설,노원구,서울특별시 노원구 덕릉로70가길 96(상계67동 771)(상계동),서울특별시 노원구 덕릉로70가길,"(37.6431259280425, 127.057972570432)"
386,133,장애인지역사회재활시설,노원구,서울특별시 노원구 덕릉로70가길 73-0(상계동),서울특별시 노원구 덕릉로70가길,"(37.6431259280425, 127.057972570432)"
387,134,장애인지역사회재활시설,성동구,서울특별시 성동구 청계천로 506-0　,서울특별시 성동구 청계천로,"(37.5706560037487, 127.033228114045)"
388,135,장애인지역사회재활시설,성북구,서울특별시 성북구 동소문로25가길 20성북시각장애인복지관,서울특별시 성북구 동소문로25가길,"(37.5956099582648, 127.019262035916)"
389,136,장애인지역사회재활시설,관악구,서울특별시 관악구 조원로 127-2301호,서울특별시 관악구 조원로,"(37.4846221470569, 126.912736688596)"
390,137,장애인지역사회재활시설,구로구,서울특별시 구로구 고척로21가길 84-35　,서울특별시 구로구 고척로21가길,"(37.5014338651505, 126.843021191172)"
391,138,장애인지역사회재활시설,광진구,서울특별시 광진구 워커힐로 93정립회관,서울특별시 광진구 워커힐로,"(37.5490495749023, 127.09868449213)"
392,139,장애인지역사회재활시설,강동구,서울특별시 강동구 구천면로 645 (상일동),서울특별시 강동구 구천면로,"(37.5504163754268, 127.138601529782)"
393,141,장애인지역사회재활시설,양천구,서울특별시 양천구 목동동로 159목동동로 159 ,서울특별시 양천구 목동동로,"(37.5257045611608, 126.871760148612)"
394,142,장애인지역사회재활시설,관악구,서울특별시 관악구 남부순환로 1717 (봉천동),서울특별시 관악구 남부순환로,"(37.4828212341794, 126.940656471878)"
395,143,장애인지역사회재활시설,은평구,서울특별시 은평구 갈현로11길 30　,서울특별시 은평구 갈현로11길,"(37.6050288149098, 126.907818277259)"
396,144,장애인지역사회재활시설,서대문구,서울특별시 서대문구 북아현로 24,서울특별시 서대문구 북아현로,"(37.5641820613212, 126.953624293842)"
397,145,장애인지역사회재활시설,금천구,서울특별시 금천구 금하로29길 36.,서울특별시 금천구 금하로29길,"(37.4509802594745, 126.912686049667)"
398,146,장애인지역사회재활시설,서초구,서울특별시 서초구 강남대로65길 195층 (서초동),서울특별시 서초구 강남대로65길,"(37.5003666460528, 127.024998130473)"
399,147,장애인지역사회재활시설,강남구,서울특별시 강남구 개포로 613　,서울특별시 강남구 개포로,"(37.4888715276442, 127.065277966053)"
400,148,장애인지역사회재활시설,광진구,서울특별시 광진구 천호대로 622시민의교회5층(능동),서울특별시 광진구 천호대로,"(37.5509452282147, 127.090180830625)"
401,149,장애인지역사회재활시설,강서구,서울특별시 강서구 허준로 65,서울특별시 강서구 허준로,"(37.565254149473, 126.853546969889)"
402,151,장애인지역사회재활시설,은평구,서울특별시 은평구 갈현로11길 30 (구산동),서울특별시 은평구 갈현로11길,"(37.6050288149098, 126.907818277259)"
403,152,장애인지역사회재활시설,강서구,서울특별시 강서구 공항대로43길 104등촌7종합사회복지관 (등촌동 등촌주공78단지아파트),서울특별시 강서구 공항대로43길,"(37.5600376946436, 126.850345918896)"
404,153,장애인지역사회재활시설,노원구,서울특별시 노원구 덕릉로70가길 98서울특별시립노원시각장애인복지관,서울특별시 노원구 덕릉로70가길,"(37.6431259280425, 127.057972570432)"
405,154,장애인지역사회재활시설,강서구,서울특별시 강서구 까치산로22길 38,서울특별시 강서구 까치산로22길,"(37.5487642421877, 126.852063757965)"
406,155,장애인지역사회재활시설,서초구,서울특별시 서초구 남부순환로340길 15.,서울특별시 서초구 남부순환로340길,"(37.4814167206974, 127.023363163585)"
407,156,장애인지역사회재활시설,동작구,서울특별시 동작구 만양로3길 143층 (노량진동),서울특별시 동작구 만양로3길,"(37.5083727051618, 126.943794177905)"
408,157,장애인지역사회재활시설,종로구,서울특별시 종로구 종로17길 83층 (종로2가),서울특별시 종로구 종로17길,"(37.5715980773817, 126.988722896248)"
409,158,장애인지역사회재활시설,양천구,서울특별시 양천구 목동중앙북로 682층 (목동 목동에버하임)(목동 목동에버하임),서울특별시 양천구 목동중앙북로,"(37.5468450592942, 126.870581022951)"
410,159,장애인지역사회재활시설,영등포구,서울특별시 영등포구 도림로 3042층,서울특별시 영등포구 도림로,"(37.5049436062008, 126.90256269501)"
411,160,장애인지역사회재활시설,구로구,서울특별시 구로구 가마산로 2315동 101호 (구로동 보광아파트),서울특별시 구로구 가마산로,"(37.4917909274297, 126.882034788346)"
412,161,장애인지역사회재활시설,마포구,서울특별시 마포구 월드컵로13길 19-13,서울특별시 마포구 월드컵로13길,"(37.555399779881, 126.90774454198)"
413,162,장애인지역사회재활시설,용산구,서울특별시 용산구 한강대로21길 17-72층,서울특별시 용산구 한강대로21길,"(37.5269336448275, 126.964139289384)"
414,163,장애인지역사회재활시설,동작구,서울특별시 동작구 대방동7길 571층 101호 (대방동 한빛빌라),서울특별시 동작구 대방동7길,"(37.5022179037992, 126.924922448159)"
415,164,장애인지역사회재활시설,마포구,서울특별시 마포구 월드컵로 213마포장애인복지회관 3층 (성산동),서울특별시 마포구 월드컵로,"(37.566323846836, 126.89750607359)"
416,165,장애인지역사회재활시설,강동구,서울특별시 강동구 양재대로121길 25202호,서울특별시 강동구 양재대로121길,"(37.5427115317369, 127.139863755552)"
417,166,장애인지역사회재활시설,광진구,서울특별시 광진구 능동로59길 14 (중곡동),서울특별시 광진구 능동로59길,"(37.5688091523096, 127.084268871559)"
418,167,장애인지역사회재활시설,강서구,서울특별시 강서구 까치산로18나길 36오성빌라 1층,서울특별시 강서구 까치산로18나길,"(37.5461652651058, 126.849388604702)"
419,168,장애인지역사회재활시설,동대문구,서울특별시 동대문구 한천로58길 1071층 (이문동),서울특별시 동대문구 한천로58길,"(37.6017181296932, 127.071074166744)"
420,169,장애인지역사회재활시설,서초구,서울특별시 서초구 바우뫼로 43 1층 ,서울특별시 서초구 바우뫼로,"(37.4750966183245, 127.033694947839)"
421,170,장애인지역사회재활시설,양천구,서울특별시 양천구 신월로 192201호 (신월동),서울특별시 양천구 신월로,"(37.5202730603001, 126.84467276427)"
422,171,장애인지역사회재활시설,송파구,서울특별시 송파구 동남로 303-83층 (오금동),서울특별시 송파구 동남로,"(37.4978155880292, 127.133387892367)"
423,172,장애인지역사회재활시설,마포구,서울특별시 마포구 신촌로26길 103층,서울특별시 마포구 신촌로26길,"(37.5557650283905, 126.942907987921)"
424,173,장애인지역사회재활시설,광진구,서울특별시 광진구 아차산로 4173층 (구의동)(구의동),서울특별시 광진구 아차산로,"(37.5401906424882, 127.094210961308)"
425,174,장애인지역사회재활시설,강동구,서울특별시 강동구 성내로 526층 (성내동),서울특별시 강동구 성내로,"(37.5287504758654, 127.125396830821)"
426,175,장애인지역사회재활시설,관악구,서울특별시 관악구 난우16길 13-72층 (신림동),서울특별시 관악구 난우16길,"(37.4775070889206, 126.91937036488)"
427,176,장애인지역사회재활시설,종로구,서울특별시 종로구 자하문로 89,서울특별시 종로구 자하문로,"(37.5892920821265, 126.96746038693)"
428,177,장애인지역사회재활시설,관악구,서울특별시 관악구 쑥고개로13길24 (봉천동),서울특별시 관악구 쑥고개로13길24,"(37.4806212061412, 126.944095134721)"
429,178,장애인지역사회재활시설,강서구,서울특별시 강서구 양천로30길 143층,서울특별시 강서구 양천로30길,"(37.5701704704454, 126.822694509191)"
430,179,장애인지역사회재활시설,강서구,서울특별시 강서구 방화대로45길 692층,서울특별시 강서구 방화대로45길,"(37.5742835201276, 126.814150141458)"
431,180,장애인지역사회재활시설,마포구,서울특별시 마포구 신촌로26길10 (노고산동),서울특별시 마포구 신촌로26길10,"(37.5558509937606, 126.942372609531)"
432,181,장애인지역사회재활시설,중구,서울특별시 중구 퇴계로 460중구종합복지센터 4층,서울특별시 중구 퇴계로,"(37.5619946022677, 126.997426891724)"
433,182,장애인지역사회재활시설,강북구,서울특별시 강북구 한천로143길 391층 (수유동) ,서울특별시 강북구 한천로143길,"(37.6406518271691, 127.023985682872)"
434,183,장애인지역사회재활시설,강남구,서울특별시 강남구 개포로 613,서울특별시 강남구 개포로,"(37.4888715276442, 127.065277966053)"
435,184,장애인지역사회재활시설,강남구,서울특별시 강남구 압구정로22길 21웨슬리관 2층,서울특별시 강남구 압구정로22길,"(37.524697923209, 127.02615629476)"
436,185,장애인지역사회재활시설,중구,서울특별시 중구 퇴계로20길 41-11남산쉼터 2층 (남산동2가),서울특별시 중구 퇴계로20길,"(37.5585679693392, 126.986251806114)"
437,186,장애인지역사회재활시설,서대문구,서울특별시 서대문구 세검정로 78-19올해피복지센터 2층 (홍제동),서울특별시 서대문구 세검정로,"(37.5966431429901, 126.949428701415)"
438,187,장애인지역사회재활시설,강북구,서울특별시 강북구 오현로 189강북장애인종합복지관(2층),서울특별시 강북구 오현로,"(37.6222585998452, 127.037631055763)"
439,188,장애인지역사회재활시설,도봉구,서울특별시 도봉구 도봉로 575608(쌍문동삼환프라자) ,서울특별시 도봉구 도봉로,"(37.6666483013397, 127.043092851074)"
440,189,장애인지역사회재활시설,강동구,서울특별시 강동구 상암로195 501호 (명일동 에이플러스빌딩),서울특별시 강동구 상암로195,"(37.5466249508301, 127.144190381388)"
441,190,장애인지역사회재활시설,송파구,서울특별시 송파구 동남로 271,서울특별시 송파구 동남로,"(37.4978155880292, 127.133387892367)"
442,191,장애인지역사회재활시설,동작구,서울특별시 동작구 상도로 216-0상도동 인경빌딩346층,서울특별시 동작구 상도로,"(37.5052390339118, 126.942164077836)"
443,192,장애인지역사회재활시설,구로구,서울특별시 구로구 경인로23길8 (오류동 대서프라자 301-1호 오류동),서울특별시 구로구 경인로23길8,"(37.4968070489532, 126.844061756641)"
444,193,장애인지역사회재활시설,강서구,서울특별시 강서구 까치산로22길 38 3층 (화곡동),서울특별시 강서구 까치산로22길,"(37.5487642421877, 126.852063757965)"
445,194,장애인지역사회재활시설,강남구,서울특별시 강남구 논현로132길20 (논현동 서울영동교회 교육관2층),서울특별시 강남구 논현로132길20,"(37.5150337096208, 127.032212347378)"
446,195,장애인지역사회재활시설,관악구,서울특별시 관악구 쑥고개로13길22 (봉천동),서울특별시 관악구 쑥고개로13길22,"(37.4805274065916, 126.944085594481)"
447,196,장애인지역사회재활시설,강남구,서울특별시 강남구 압구정로22길21 1층 (신사동 웨슬리관 ),서울특별시 강남구 압구정로22길21,"(37.5242621122375, 127.026542808066)"
448,197,장애인지역사회재활시설,광진구,서울특별시 광진구 능동로34길 102-52층 (능동),서울특별시 광진구 능동로34길,"(37.5542636911534, 127.083188225404)"
449,198,장애인지역사회재활시설,강북구,서울특별시 강북구 한천로143길 39 2층 (수유동),서울특별시 강북구 한천로143길,"(37.6406518271691, 127.023985682872)"
450,199,장애인지역사회재활시설,광진구,서울특별시 광진구 동일로 357 (중곡동),서울특별시 광진구 동일로,"(37.552488101828, 127.069828705186)"
451,200,장애인지역사회재활시설,마포구,서울특별시 마포구 월드컵북로 494푸르메스포츠센터 (상암동),서울특별시 마포구 월드컵북로,"(37.5717393153074, 126.901141476306)"
452,201,장애인지역사회재활시설,강서구,서울특별시 강서구 마곡중앙5로 81 908호 (마곡동),서울특별시 강서구 마곡중앙5로,"(37.5671194859703, 126.8222505623)"
453,202,장애인지역사회재활시설,동대문구,서울특별시 동대문구 청계천로 5210 (용두동)0 (용두동),서울특별시 동대문구 청계천로,"(37.5706211495936, 127.033177047025)"
454,203,장애인지역사회재활시설,광진구,서울특별시 광진구 천호대로136길 50 (구의동 서진드림빌),서울특별시 광진구 천호대로136길,"(37.5480782094726, 127.090589173692)"
455,204,장애인지역사회재활시설,송파구,서울특별시 송파구 올림픽로35길 1241동 501호 (장미A상가신천동),서울특별시 송파구 올림픽로35길,"(37.5188116600481, 127.105835904879)"
456,205,장애인지역사회재활시설,송파구,서울특별시 송파구 오금로 548 1층 (거여동),서울특별시 송파구 오금로,"(37.5042339166908, 127.124712298791)"
457,206,장애인지역사회재활시설,관악구,서울특별시 관악구 남부순환로 1914 (봉천동),서울특별시 관악구 남부순환로,"(37.4828212341794, 126.940656471878)"
458,207,장애인지역사회재활시설,광진구,서울특별시 광진구 자양로 135 201호 (자양동),서울특별시 광진구 자양로,"(37.5423709029766, 127.084161029776)"
459,208,장애인지역사회재활시설,서초구,서울특별시 서초구 헌릉로468길 21-16다니엘학교 지하1층 ,서울특별시 서초구 헌릉로468길,"(37.4583004467832, 127.087801693866)"
460,209,장애인지역사회재활시설,도봉구,서울특별시 도봉구 마들로664-23 (도봉동 도봉장애인종합복지관),서울특별시 도봉구 마들로664-23,"(37.6694302864148, 127.047701756512)"
461,210,장애인지역사회재활시설,노원구,서울특별시 노원구 노원로16길 15 (하계동 중계9단지주공영구임대아파트),서울특별시 노원구 노원로16길,"(37.6423383792424, 127.07492646954)"
462,211,장애인지역사회재활시설,중구,서울특별시 중구 서소문로6길 16 (중림동),서울특별시 중구 서소문로6길,"(37.5596594373498, 126.9667759777)"
463,212,장애인지역사회재활시설,송파구,서울특별시 송파구 마천로 89 4층 (오금동),서울특별시 송파구 마천로,"(37.502209915053, 127.140509477108)"
464,213,장애인지역사회재활시설,강동구,서울특별시 강동구 풍성로 146 4층 (성내동),서울특별시 강동구 풍성로,"(37.529445715227, 127.134304580899)"
465,214,장애인지역사회재활시설,강동구,서울특별시 강동구 길동  302호,서울특별시 강동구 길동,"(37.5344859624471, 127.142712345548)"
466,215,장애인지역사회재활시설,강동구,서울특별시 강동구 아리수로93길 33 베스트프라자동 302호 (강일동),서울특별시 강동구 아리수로93길,"(37.5667520635461, 127.173446313685)"
467,216,장애인지역사회재활시설,강동구,서울특별시 강동구 아리수로93길 41 (강일동),서울특별시 강동구 아리수로93길,"(37.5667520635461, 127.173446313685)"
468,217,장애인지역사회재활시설,서초구,서울특별시 서초구 효령로26길 9-9 (방배동),서울특별시 서초구 효령로26길,"(37.4798684788323, 126.995254336919)"
469,218,장애인지역사회재활시설,서대문구,서울특별시 서대문구 세무서10길 54 (홍제동),서울특별시 서대문구 세무서10길,"(37.5912212663229, 126.948642382074)"
470,219,장애인지역사회재활시설,강동구,서울특별시 강동구 아리수로93길 41 (강일동),서울특별시 강동구 아리수로93길,"(37.5667520635461, 127.173446313685)"
471,220,장애인지역사회재활시설,관악구,서울특별시 관악구 신림로58길 8 (신림동),서울특별시 관악구 신림로58길,"(37.4824225180821, 126.931774210486)"
472,221,장애인지역사회재활시설,강북구,서울특별시 강북구 한천로129길11 1층 (번동),서울특별시 강북구 한천로129길11,"(37.637327063915, 127.029701602548)"
473,222,장애인지역사회재활시설,노원구,서울특별시 노원구 상계로23다길 13-8 1층 107-178호 (상계동 노원아이파크),서울특별시 노원구 상계로23다길,"(37.6596490282027, 127.069826273916)"
474,223,장애인지역사회재활시설,영등포구,서울특별시 영등포구 은행로 55 1층 (여의도동),서울특별시 영등포구 은행로,"(37.5287713163078, 126.922316975549)"
475,224,장애인지역사회재활시설,강남구,서울특별시 강남구 광평로60길 22 (수서동),서울특별시 강남구 광평로60길,"(37.4875044041715, 127.106866572056)"
476,225,장애인지역사회재활시설,노원구,서울특별시 노원구 공릉로58길 112 3층 1호 (하계동 순흥아트빌),서울특별시 노원구 공릉로58길,"(37.6355516838648, 127.073394820728)"
477,226,장애인지역사회재활시설,은평구,서울특별시 은평구 녹번로1길 13 (녹번동)(녹번동),서울특별시 은평구 녹번로1길,"(37.6047420959223, 126.926817676385)"
478,227,장애인지역사회재활시설,금천구,서울특별시 금천구 시흥대로73길 30 4층 (시흥동 금천어울림복지센터),서울특별시 금천구 시흥대로73길,"(37.4565999641076, 126.897118345287)"
479,228,장애인지역사회재활시설,강서구,서울특별시 강서구 방화대로45길 69 6층 (방화동),서울특별시 강서구 방화대로45길,"(37.5742835201276, 126.814150141458)"
480,229,장애인지역사회재활시설,마포구,서울특별시 마포구 대흥로24길50 (염리동 2층),서울특별시 마포구 대흥로24길50,"(37.5548436860375, 126.948635781771)"
481,230,장애인지역사회재활시설,노원구,서울특별시 노원구 공릉로58길 112301호 (하계동 순흥빌라트),서울특별시 노원구 공릉로58길,"(37.6355516838648, 127.073394820728)"
482,231,장애인지역사회재활시설,노원구,서울특별시 노원구 상계로23다길 13-8107호 (상계동 노원 아이파크),서울특별시 노원구 상계로23다길,"(37.6596490282027, 127.069826273916)"
483,232,장애인지역사회재활시설,마포구,서울특별시 마포구 숭문길 14마포구 염리동 14-11일대(염리3구역 사회복지시설용지)(염리동),서울특별시 마포구 숭문길,"(37.5515265913406, 126.946647103877)"
484,233,장애인지역사회재활시설,마포구,서울특별시 마포구 백범로31길 21행복주택 (공덕동)(공덕동),서울특별시 마포구 백범로31길,"(37.5453471574544, 126.949247580698)"
485,0,장애인직업재활시설,송파구,서울특별시 송파구 양산로10길 26,서울특별시 송파구 양산로10길,"(37.492183000883, 127.145627135086)"
486,1,장애인직업재활시설,중랑구,서울특별시 중랑구 망우로55길 32한국프라우드아파트 103호,서울특별시 중랑구 망우로55길,"(37.5991476993607, 127.094112446922)"
487,3,장애인직업재활시설,강북구,서울특별시 강북구 오현로 199-9 (번동),서울특별시 강북구 오현로,"(37.6222585998452, 127.037631055763)"
488,4,장애인직업재활시설,용산구,서울특별시 용산구 한강대로 3311~2층,서울특별시 용산구 한강대로,"(37.5364888834287, 126.974277118032)"
489,5,장애인직업재활시설,서초구,서울특별시 서초구 헌릉로468길 21-16,서울특별시 서초구 헌릉로468길,"(37.4583004467832, 127.087801693866)"
490,6,장애인직업재활시설,노원구,서울특별시 노원구 노원로18길 41하계동,서울특별시 노원구 노원로18길,"(37.6438254841186, 127.073444770883)"
491,7,장애인직업재활시설,노원구,서울특별시 노원구 노원로 311중계제1공단 301호,서울특별시 노원구 노원로,"(37.6438917702914, 127.071433176859)"
492,8,장애인직업재활시설,중랑구,서울특별시 중랑구 신내로 56마동,서울특별시 중랑구 신내로,"(37.6119244970683, 127.096402669893)"
493,9,장애인직업재활시설,중랑구,서울특별시 중랑구 봉화산로56길 99-15(신내동),서울특별시 중랑구 봉화산로56길,"(37.6052873652833, 127.097820019299)"
494,10,장애인직업재활시설,송파구,서울특별시 송파구 양산로8길 17신아보호작업장,서울특별시 송파구 양산로8길,"(37.4913171822841, 127.146389624662)"
495,11,장애인직업재활시설,중랑구,서울특별시 중랑구 동일로140길 31-21(2층3층),서울특별시 중랑구 동일로140길,"(37.6044005861763, 127.082005437923)"
496,12,장애인직업재활시설,동대문구,서울특별시 동대문구 천호대로83길 14장안동,서울특별시 동대문구 천호대로83길,"(37.5643172046386, 127.06558131964)"
497,13,장애인직업재활시설,강북구,서울특별시 강북구 한천로115길 20-0501동 2층,서울특별시 강북구 한천로115길,"(37.632139781076, 127.038002869356)"
498,14,장애인직업재활시설,동작구,서울특별시 동작구 양녕로30길 19-4      ,서울특별시 동작구 양녕로30길,"(37.4991398236072, 126.945311732582)"
499,16,장애인직업재활시설,강남구,서울특별시 강남구 언주로167길 351층,서울특별시 강남구 언주로167길,"(37.5264566872184, 127.031309393916)"
500,17,장애인직업재활시설,노원구,서울특별시 노원구 중계로 163-0보담터,서울특별시 노원구 중계로,"(37.6464614923216, 127.081276382899)"
501,18,장애인직업재활시설,강동구,서울특별시 강동구 고덕로 295-45(고덕동),서울특별시 강동구 고덕로,"(37.5549803761105, 127.153671778224)"
502,19,장애인직업재활시설,중랑구,서울특별시 중랑구 숙선옹주로9길 55(묵동),서울특별시 중랑구 숙선옹주로9길,"(37.616531877217, 127.083779929756)"
503,20,장애인직업재활시설,노원구,서울특별시 노원구 동일로 1097(공릉동),서울특별시 노원구 동일로,"(37.6528699960918, 127.06096513397)"
504,21,장애인직업재활시설,노원구,서울특별시 노원구 한글비석로24라길 94-13,서울특별시 노원구 한글비석로24라길,"(37.664427567868, 127.071173132286)"
505,22,장애인직업재활시설,종로구,서울특별시 종로구 대학로3길 141층 (효제동),서울특별시 종로구 대학로3길,"(37.5741809507618, 127.001280084856)"
506,23,장애인직업재활시설,노원구,서울특별시 노원구 덕릉로70가길 92 (상계동),서울특별시 노원구 덕릉로70가길,"(37.6431259280425, 127.057972570432)"
507,24,장애인직업재활시설,노원구,서울특별시 노원구 동일로248길 30상계동,서울특별시 노원구 동일로248길,"(37.6801286748985, 127.056138127029)"
508,25,장애인직업재활시설,송파구,서울특별시 송파구 거마로 792층 (마천동),서울특별시 송파구 거마로,"(37.498749924775, 127.146911670509)"
509,26,장애인직업재활시설,강동구,서울특별시 강동구 풍성로 1462층 (성내동),서울특별시 강동구 풍성로,"(37.529445715227, 127.134304580899)"
510,28,장애인직업재활시설,은평구,서울특별시 은평구 증산로5길 7 (증산동),서울특별시 은평구 증산로5길,"(37.5838958270254, 126.905921361742)"
511,29,장애인직업재활시설,강서구,서울특별시 강서구 까치산로 136,서울특별시 강서구 까치산로,"(37.5473311724738, 126.848766476236)"
512,30,장애인직업재활시설,노원구,서울특별시 노원구 월계로 338-16,서울특별시 노원구 월계로,"(37.6287054858536, 127.056661203573)"
513,31,장애인직업재활시설,은평구,서울특별시 은평구 녹번로1길 131층 (녹번동)(녹번동),서울특별시 은평구 녹번로1길,"(37.6047420959223, 126.926817676385)"
514,32,장애인직업재활시설,강동구,서울특별시 강동구 진황도로 100하이브 313호~316호,서울특별시 강동구 진황도로,"(37.5340519484587, 127.140383870159)"
515,33,장애인직업재활시설,관악구,서울특별시 관악구 국회단지길 671층,서울특별시 관악구 국회단지길,"(37.488748476562, 126.94166186123)"
516,34,장애인직업재활시설,성북구,서울특별시 성북구 오패산로 21-04층,서울특별시 성북구 오패산로,"(37.6068501104697, 127.036655900145)"
517,35,장애인직업재활시설,강동구,서울특별시 강동구 명일로 230삼보프리빌 301호,서울특별시 강동구 명일로,"(37.5367081421064, 127.145774888017)"
518,36,장애인직업재활시설,강동구,서울특별시 강동구 고덕로 100-5(암사동),서울특별시 강동구 고덕로,"(37.5549803761105, 127.153671778224)"
519,37,장애인직업재활시설,관악구,서울특별시 관악구 남부순환로194길 811층,서울특별시 관악구 남부순환로194길,"(37.4823409926056, 126.934834899501)"
520,38,장애인직업재활시설,관악구,서울특별시 관악구 남부순환로 1717 (봉천동),서울특별시 관악구 남부순환로,"(37.4828212341794, 126.940656471878)"
521,41,장애인직업재활시설,강남구,서울특별시 강남구 헌릉로757길 35,서울특별시 강남구 헌릉로757길,"(37.4713818798843, 127.11916748461)"
522,42,장애인직업재활시설,동작구,서울특별시 동작구 등용로12길 57동작구립장애인보호작업장,서울특별시 동작구 등용로12길,"(37.5112414030902, 126.933057987856)"
523,43,장애인직업재활시설,성동구,서울특별시 성동구 금호산9가길 57-10,서울특별시 성동구 금호산9가길,"(37.5518206193629, 127.018693522137)"
524,44,장애인직업재활시설,성동구,서울특별시 성동구 청계천로 506-0성동장애인종합복지관 1층,서울특별시 성동구 청계천로,"(37.5706560037487, 127.033228114045)"
525,45,장애인직업재활시설,광진구,서울특별시 광진구 동일로80길 20,서울특별시 광진구 동일로80길,"(37.5701966146148, 127.081154271906)"
526,46,장애인직업재활시설,광진구,서울특별시 광진구 워커힐로 93정립회관 체육관 1층,서울특별시 광진구 워커힐로,"(37.5490495749023, 127.09868449213)"
527,47,장애인직업재활시설,광진구,서울특별시 광진구 워커힐로 93정립전자,서울특별시 광진구 워커힐로,"(37.5490495749023, 127.09868449213)"
528,48,장애인직업재활시설,서초구,서울특별시 서초구 효령로55길 287층 (서초동),서울특별시 서초구 효령로55길,"(37.4864348955523, 127.014261188257)"
529,49,장애인직업재활시설,구로구,서울특별시 구로구 경인로 21 (온수동),서울특별시 구로구 경인로,"(37.4970680103663, 126.85907314802)"
530,50,장애인직업재활시설,동작구,서울특별시 동작구 여의대방로20길 33 (신대방동),서울특별시 동작구 여의대방로20길,"(37.4937776246699, 126.918773454)"
531,51,장애인직업재활시설,강북구,서울특별시 강북구 한천로 115길 20501동(번동 주공),서울특별시 강북구 한천로,"(37.6363822306753, 127.032329806898)"
532,52,장애인직업재활시설,송파구,서울특별시 송파구 가락로 865층,서울특별시 송파구 가락로,"(37.5028267280504, 127.112412588388)"
533,53,장애인직업재활시설,종로구,서울특별시 종로구 동숭4길 28 (동숭동),서울특별시 종로구 동숭4길,"(37.5841290774646, 127.005223821537)"
534,54,장애인직업재활시설,서초구,서울특별시 서초구 서초중앙로22길 105  ,서울특별시 서초구 서초중앙로22길,"(37.4938050438665, 127.017628650171)"
535,56,장애인직업재활시설,도봉구,서울특별시 도봉구 평화로15번길 9-25(도봉동),서울특별시 도봉구 평화로15번길,"(37.6936223471179, 127.044518374744)"
536,57,장애인직업재활시설,강남구,서울특별시 강남구 논현로98길 16,서울특별시 강남구 논현로98길,"(37.5039061157305, 127.037144750305)"
537,59,장애인직업재활시설,강서구,서울특별시 강서구 허준로5길 37 (가양동),서울특별시 강서구 허준로5길,"(37.5685541200566, 126.850730037805)"
538,60,장애인직업재활시설,강서구,서울특별시 강서구 허준로 65 (가양동),서울특별시 강서구 허준로,"(37.565254149473, 126.853546969889)"
539,61,장애인직업재활시설,강서구,서울특별시 강서구 강서로 466우리벤처타운 102호 (등촌동),서울특별시 강서구 강서로,"(37.550170383598, 126.836324103117)"
540,62,장애인직업재활시설,영등포구,서울특별시 영등포구 양산로 96양산로 96 산경물산(당산동2가),서울특별시 영등포구 양산로,"(37.5240904944309, 126.89613894406)"
541,63,장애인직업재활시설,마포구,서울특별시 마포구 매봉산로 18(상암동 1640번지),서울특별시 마포구 매봉산로,"(37.5762156251453, 126.891388518027)"
542,64,장애인직업재활시설,은평구,서울특별시 은평구 연서로21길 31-0,서울특별시 은평구 연서로21길,"(37.6150488363868, 126.9156939258)"
543,65,장애인직업재활시설,강동구,서울특별시 강동구 고덕로 201(고덕동),서울특별시 강동구 고덕로,"(37.5549803761105, 127.153671778224)"
544,66,장애인직업재활시설,구로구,서울특별시 구로구 남부순환로 105라길25-10,서울특별시 구로구 남부순환로,"(37.4921731450607, 126.870763049343)"
545,67,장애인직업재활시설,도봉구,서울특별시 도봉구 마들로 664-172층,서울특별시 도봉구 마들로,"(37.6655389530602, 127.046343036097)"
546,68,장애인직업재활시설,송파구,서울특별시 송파구 송이로34길 43-1,서울특별시 송파구 송이로34길,"(37.4850665252617, 127.129825998629)"
547,69,장애인직업재활시설,강동구,서울특별시 강동구 동남로85길 15(고덕동),서울특별시 강동구 동남로85길,"(37.5607099222486, 127.154209498216)"
548,70,장애인직업재활시설,강동구,서울특별시 강동구 천중로 873층,서울특별시 강동구 천중로,"(37.5414986033804, 127.136790086828)"
549,71,장애인직업재활시설,은평구,서울특별시 은평구 갈현로11길 30,서울특별시 은평구 갈현로11길,"(37.6050288149098, 126.907818277259)"
550,72,장애인직업재활시설,양천구,서울특별시 양천구 목동동로8길 95층 (신정동),서울특별시 양천구 목동동로8길,"(37.5154900864129, 126.87201776784)"
551,73,장애인직업재활시설,금천구,서울특별시 금천구 서부샛길 648대륭테크노타운6차 1004호,서울특별시 금천구 서부샛길,"(37.4701084075881, 126.882648449247)"
552,74,장애인직업재활시설,송파구,서울특별시 송파구 올림픽로 269롯데캐슬프라자 810호811호812호,서울특별시 송파구 올림픽로,"(37.5149014053102, 127.105018464362)"
553,75,장애인직업재활시설,강동구,서울특별시 강동구 양재대로91길 62(성내동 동아아파트상가4층),서울특별시 강동구 양재대로91길,"(37.5283156209038, 127.133721167963)"
554,76,장애인직업재활시설,강서구,서울특별시 강서구 허준로 95-9외 1번지 (가양동),서울특별시 강서구 허준로,"(37.565254149473, 126.853546969889)"
555,77,장애인직업재활시설,서대문구,서울특별시 서대문구 명지2길 14-0(홍은동),서울특별시 서대문구 명지2길,"(37.5833928473116, 126.927135431633)"
556,78,장애인직업재활시설,광진구,서울특별시 광진구 천호대로 622 (능동),서울특별시 광진구 천호대로,"(37.5509452282147, 127.090180830625)"
557,79,장애인직업재활시설,송파구,서울특별시 송파구 마천로 226지하1층~지상2층,서울특별시 송파구 마천로,"(37.502209915053, 127.140509477108)"
558,80,장애인직업재활시설,은평구,서울특별시 은평구 대서문길 36지하 1층 (진관동),서울특별시 은평구 대서문길,"(37.6535999778026, 126.951472167709)"
559,81,장애인직업재활시설,송파구,서울특별시 송파구 양산로 53층,서울특별시 송파구 양산로,"(37.4910978447291, 127.143626634309)"
560,82,장애인직업재활시설,금천구,서울특별시 금천구 가산디지털2로 136승일벤처타워302,서울특별시 금천구 가산디지털2로,"(37.4771345274795, 126.880269976799)"
561,83,장애인직업재활시설,양천구,서울특별시 양천구 지양로 7 (신월동),서울특별시 양천구 지양로,"(37.5229811702936, 126.832327903649)"
562,84,장애인직업재활시설,영등포구,서울특별시 영등포구 양산로 96 양산로 96 산경물산 A30호(당산동2가),서울특별시 영등포구 양산로,"(37.5240904944309, 126.89613894406)"
563,85,장애인직업재활시설,관악구,서울특별시 관악구 난우16길 13-7 (신림동),서울특별시 관악구 난우16길,"(37.4775070889206, 126.91937036488)"
564,86,장애인직업재활시설,마포구,서울특별시 마포구 신촌로26길 10우리마포보호작업장,서울특별시 마포구 신촌로26길,"(37.5557650283905, 126.942907987921)"
565,87,장애인직업재활시설,송파구,서울특별시 송파구 성내천로 333-4333-4 (마천동),서울특별시 송파구 성내천로,"(37.5006405592409, 127.138743455419)"
566,88,장애인직업재활시설,강북구,서울특별시 강북구 삼양로77길 38(수유동),서울특별시 강북구 삼양로77길,"(37.6289054936092, 127.015376692182)"
567,89,장애인직업재활시설,강서구,서울특별시 강서구 개화동로7길 3-16,서울특별시 강서구 개화동로7길,"(37.5801088714574, 126.799917894055)"
568,90,장애인직업재활시설,강서구,서울특별시 강서구 송정로1길 19베이스빌딩 2층 (공항동),서울특별시 강서구 송정로1길,"(37.556432298252, 126.811315999657)"
569,91,장애인직업재활시설,강서구,서울특별시 강서구 공항대로7가길 21-3,서울특별시 강서구 공항대로7가길,"(37.5624029380869, 126.813705983884)"
570,92,장애인직업재활시설,송파구,서울특별시 송파구 송파대로 412124층 (송파동),서울특별시 송파구 송파대로,"(37.5008392832178, 127.111182460215)"
571,94,장애인직업재활시설,구로구,서울특별시 구로구 부일로1나길38(온수동),서울특별시 구로구 부일로1나길38(온수동),"(37.4929164286421, 126.816767419297)"
572,95,장애인직업재활시설,양천구,서울특별시 양천구 신정로267 (신정동 양천벤처타운 제804호 B205호)),서울특별시 양천구 신정로267,"(37.5122197905037, 126.850668115021)"
573,96,장애인직업재활시설,도봉구,서울특별시 도봉구 마들로 664-17,서울특별시 도봉구 마들로,"(37.6655389530602, 127.046343036097)"
574,97,장애인직업재활시설,금천구,서울특별시 금천구 한내로 69-15금천한내복지관내 (독산동 주공13단지아파트),서울특별시 금천구 한내로,"(37.4569204675918, 126.88810972714)"
575,98,장애인직업재활시설,동대문구,서울특별시 동대문구 한천로 58-22층 3층 (장안동),서울특별시 동대문구 한천로,"(37.5835621993786, 127.068249714334)"
576,99,장애인직업재활시설,강서구,서울특별시 강서구 화곡로31길 25지층(화곡동) 서울특별시 강서구 강서로 34길 36 (화곡동),서울특별시 강서구 화곡로31길,"(37.5444871108125, 126.840703131943)"
577,100,장애인직업재활시설,은평구,서울특별시 은평구 수색로 390-29 (수색동),서울특별시 은평구 수색로,"(37.5838344153994, 126.892064672913)"
578,101,장애인직업재활시설,강남구,서울특별시 강남구 밤고개로1길 341층 101호 (수서동),서울특별시 강남구 밤고개로1길,"(37.4887528339836, 127.103019019508)"
579,102,장애인직업재활시설,성동구,서울특별시 성동구 아차산로144 B101호 B103호(성수동2가 우영테크노센터),서울특별시 성동구 아차산로144,"(37.5431188115839, 127.059609903838)"
580,103,장애인직업재활시설,성북구,서울특별시 성북구 화랑로134 (하월곡동2-2),서울특별시 성북구 화랑로134,"(37.604974617288, 127.046368743207)"
581,104,장애인직업재활시설,서대문구,서울특별시 서대문구 연희로33가길6-15 (연희동),서울특별시 서대문구 연희로33가길6-15,"(37.5775862638727, 126.934281837826)"
582,105,장애인직업재활시설,영등포구,서울특별시 영등포구 영신로40길16 2층 (영등포동6가),서울특별시 영등포구 영신로40길16,"(37.5210837511551, 126.90301693321)"
583,106,장애인직업재활시설,강동구,서울특별시 강동구 양재대로116길 202층 (길동),서울특별시 강동구 양재대로116길,"(37.5380889642544, 127.143164332339)"
584,107,장애인직업재활시설,강서구,서울특별시 강서구 까치산로 134 (화곡동),서울특별시 강서구 까치산로,"(37.5473311724738, 126.848766476236)"
585,108,장애인직업재활시설,동대문구,서울특별시 동대문구 장한로28가길 70 (장안동),서울특별시 동대문구 장한로28가길,"(37.5760208432589, 127.072837234164)"
586,109,장애인직업재활시설,마포구,서울특별시 마포구 월드컵북로 494-0 (상암동)494-0(상암동) 49,서울특별시 마포구 월드컵북로,"(37.5717393153074, 126.901141476306)"
587,110,장애인직업재활시설,강남구,서울특별시 강남구 양재대로55길13 (일원동) 지하1층,서울특별시 강남구 양재대로55길13,"(37.4916921130495, 127.08758916924)"
588,111,장애인직업재활시설,송파구,서울특별시 송파구 성내천로 271217 1층 (마천동),서울특별시 송파구 성내천로,"(37.5006405592409, 127.138743455419)"
589,112,장애인직업재활시설,금천구,서울특별시 금천구 두산로 70-0 (독산동)70 B동 4층 436호 (독산동 현대지식산업센터),서울특별시 금천구 두산로,"(37.4703399911277, 126.892920474171)"
590,113,장애인직업재활시설,금천구,서울특별시 금천구 범안로1138 603호 (가산동 고려테크온),서울특별시 금천구 범안로1138,"(37.4657958806101, 126.888393904496)"
591,114,장애인직업재활시설,서초구,서울특별시 서초구 남부순환로340길 15 (서초동),서울특별시 서초구 남부순환로340길,"(37.4814167206974, 127.023363163585)"
592,115,장애인직업재활시설,서대문구,서울특별시 서대문구 홍은중앙로 105-0 (홍은동)105 2층 (홍은동),서울특별시 서대문구 홍은중앙로,"(37.5990046399173, 126.947568846373)"
593,116,장애인직업재활시설,강서구,서울특별시 강서구 강서로 462대룡드림타워-1 2층 208호 (등촌동),서울특별시 강서구 강서로,"(37.550170383598, 126.836324103117)"
594,117,장애인직업재활시설,노원구,서울특별시 노원구 공릉로58마길 27 (하계동),서울특별시 노원구 공릉로58마길,"(37.6363452516664, 127.078058294914)"
595,118,장애인직업재활시설,송파구,서울특별시 송파구 양산로 5 3층 (거여동),서울특별시 송파구 양산로,"(37.4910978447291, 127.143626634309)"
596,119,장애인직업재활시설,동대문구,서울특별시 동대문구 장한로 25602호 (장안동),서울특별시 동대문구 장한로,"(37.5697849969212, 127.070111084751)"
597,120,장애인직업재활시설,강동구,서울특별시 강동구 올림픽로588 3층 (성내동),서울특별시 강동구 올림픽로588,"(37.5340163252718, 127.122177737281)"
598,121,장애인직업재활시설,금천구,서울특별시 금천구 가산디지털1로 131 B206호 (가산동 BYC하이시티지식산업센터),서울특별시 금천구 가산디지털1로,"(37.4764015612746, 126.883337170325)"
599,122,장애인직업재활시설,구로구,서울특별시 구로구 디지털로 272 12층 17호 (구로동 한신아이티타워),서울특별시 구로구 디지털로,"(37.4831389267883, 126.894230715)"
600,123,장애인직업재활시설,송파구,서울특별시 송파구 동남로6길 34-1 1층 (문정동),서울특별시 송파구 동남로6길,"(37.4883719075679, 127.125201080452)"
601,124,장애인직업재활시설,구로구,서울특별시 구로구 디지털로27길 24506호(벽산디지털밸리 1차) (구로동),서울특별시 구로구 디지털로27길,"(37.4841021283802, 126.890207274516)"
602,125,장애인직업재활시설,금천구,서울특별시 금천구 시흥대로80길 19 (독산동),서울특별시 금천구 시흥대로80길,"(37.4590253015126, 126.900798261023)"
603,127,장애인직업재활시설,강남구,서울특별시 강남구 광평로60길22 2층 (수서동),서울특별시 강남구 광평로60길22,"(37.4869808423495, 127.106950967914)"
604,128,장애인직업재활시설,성동구,서울특별시 성동구 성수일로 10 (성수동1가 서울숲ITCT지식산업센터 B201호),서울특별시 성동구 성수일로,"(37.5457308904227, 127.050125554175)"
605,129,장애인직업재활시설,강남구,서울특별시 강남구 광평로60길 22 1층 3층층 (수서동 강남세움장애인통합지원센터),서울특별시 강남구 광평로60길,"(37.4875044041715, 127.106866572056)"
606,130,장애인직업재활시설,강남구,서울특별시 강남구 광평로60길 22 3층 (수서동 강남세움장애인통합지원센터),서울특별시 강남구 광평로60길,"(37.4875044041715, 127.106866572056)"
607,131,장애인직업재활시설,동작구,서울특별시 동작구 사당로 90 상가동 (사당동 1~2층),서울특별시 동작구 사당로,"(37.4876650127185, 126.966766504277)"
608,132,장애인직업재활시설,구로구,서울특별시 구로구 경인로53길 90 5층 511호 (구로동 STX W-Tower),서울특별시 구로구 경인로53길,"(37.5037716424314, 126.875061601095)"
609,133,장애인직업재활시설,중구,서울특별시 중구 충무로29 402호 (초동 아시아미디어타워),서울특별시 중구 충무로29,"(37.563836750265, 126.992508328619)"
610,134,장애인직업재활시설,중랑구,서울특별시 중랑구 상봉로 69 5층 (면목동),서울특별시 중랑구 상봉로,"(37.5919793401001, 127.093410799925)"
611,137,장애인직업재활시설,중랑구,서울특별시 중랑구 상봉로 695층 (면목동),서울특별시 중랑구 상봉로,"(37.5919793401001, 127.093410799925)"
612,138,장애인직업재활시설,은평구,서울특별시 은평구 갈현로11길 30 (구산동),서울특별시 은평구 갈현로11길,"(37.6050288149098, 126.907818277259)"
613,139,장애인직업재활시설,은평구,서울특별시 은평구 갈현로11길 30(구산동),서울특별시 은평구 갈현로11길,"(37.6050288149098, 126.907818277259)"
